time,code,open,high,low,close,volume,amount
1/4/2016 15:00,sse.000016,2417.0246,2417.0246,2269.9671,2270.4609,34620851,37753719870
1/5/2016 15:00,sse.000016,2230.08,2309.5937,2223.0521,2288.1127,48075962,51045135704
1/6/2016 15:00,sse.000016,2284.9228,2321.1692,2274.4683,2317.6465,38088820,39894992590
1/7/2016 15:00,sse.000016,2281.881,2281.9337,2171.3153,2180.5889,11081575,11474807593
1/8/2016 15:00,sse.000016,2225.4754,2257.41,2154.5816,2219.6119,51525931,53797581980
1/11/2016 15:00,sse.000016,2182.846,2202.3226,2119.7024,2120.2342,48483505,48888155750
1/12/2016 15:00,sse.000016,2135.9386,2151.3985,2115.3645,2131.3679,35144374,36195368774
1/13/2016 15:00,sse.000016,2152.7166,2157.5078,2104.9307,2105.5066,32024944,32986276068
1/14/2016 15:00,sse.000016,2056.4075,2136.0634,2052.296,2132.0757,36630965,35415650797
1/15/2016 15:00,sse.000016,2119.5624,2128.9478,2058.6966,2070.9283,34641623,33603671196
1/18/2016 15:00,sse.000016,2040.4064,2092.4024,2039.0509,2069.2746,26806095,25299829922
1/19/2016 15:00,sse.000016,2075.1864,2135.3621,2060.2812,2128.5743,37222168,37594149943
1/20/2016 15:00,sse.000016,2115.126,2124.1513,2076.1648,2088.7229,39221145,39259455272
1/21/2016 15:00,sse.000016,2069.3857,2112.7342,2040.5269,2040.9775,34354515,32473758418
1/22/2016 15:00,sse.000016,2062.6257,2074.1656,2026.2701,2061.9621,27065196,25575155487
1/25/2016 15:00,sse.000016,2067.5631,2074.8954,2049.2538,2065.4437,21741074,19964754994
1/26/2016 15:00,sse.000016,2046.0403,2050.4457,1944.9061,1951.6136,37751437,34523878745
1/27/2016 15:00,sse.000016,1961.3986,1972.1635,1908.0377,1953.4647,39302664,34956352584
1/28/2016 15:00,sse.000016,1943.8257,1960.9462,1900.3515,1912.7205,29716553,26312112328
1/29/2016 15:00,sse.000016,1915.1266,1986.7205,1914.3957,1973.0052,38242877,33961257172
2/1/2016 15:00,sse.000016,1970.2135,1973.0998,1917.2396,1937.0729,27335160,23805513257
2/2/2016 15:00,sse.000016,1935.2156,1978.2855,1934.907,1969.6161,26156540,23459043407
2/3/2016 15:00,sse.000016,1947.8333,1955.0889,1929.8145,1952.3665,21970080,19391561403
2/4/2016 15:00,sse.000016,1962.8658,1983.252,1960.1297,1974.2364,25020305,22994238074
2/5/2016 15:00,sse.000016,1970.6883,1979.3913,1962.233,1967.2595,20455795,20020499330
2/15/2016 15:00,sse.000016,1916.4236,1958.2198,1914.4938,1948.2752,18893231,17604887221
2/16/2016 15:00,sse.000016,1957.9147,2005.4156,1957.5363,2000.9027,30607291,26813072574
2/17/2016 15:00,sse.000016,1997.6793,2020.0843,1993.8945,2014.4428,34373548,30392064240
2/18/2016 15:00,sse.000016,2022.5495,2034.161,2007.2157,2009.2727,30938607,28583893670
2/19/2016 15:00,sse.000016,2005.4131,2013.7813,1993.0455,2004.1065,21639290,19326968856
2/22/2016 15:00,sse.000016,2025.18,2064.6095,2016.364,2053.8631,39059284,36475281132
2/23/2016 15:00,sse.000016,2051.5671,2051.5671,2013.9809,2029.5223,26876191,25027930000
2/24/2016 15:00,sse.000016,2020.5916,2041.8831,2009.3485,2041.3881,26228917,24061303022
2/25/2016 15:00,sse.000016,2038.1604,2038.1805,1925.1951,1932.6015,42459563,36399666665
2/26/2016 15:00,sse.000016,1946.961,1965.9147,1929.9987,1955.3953,26306764,22745281242
2/29/2016 15:00,sse.000016,1951.6759,1953.3175,1891.0975,1944.6111,39161583,33168529394
3/1/2016 15:00,sse.000016,1944.5622,1988.5669,1931.9801,1973.1936,29595859,27992084136
3/2/2016 15:00,sse.000016,1980.4615,2045.8249,1979.174,2043.4067,50978802,46820915805
3/3/2016 15:00,sse.000016,2043.3737,2057.1633,2031.5361,2053.2726,45476671,43399574179
3/4/2016 15:00,sse.000016,2045.1154,2128.5689,2040.0828,2122.2692,85953126,78672195590
3/7/2016 15:00,sse.000016,2122.5519,2133.5566,2097.777,2107.6731,40058732,38149431790
3/8/2016 15:00,sse.000016,2102.2483,2118.0424,2037.2938,2115.158,39003355,35705183469
3/9/2016 15:00,sse.000016,2073.2719,2112.8587,2053.8366,2111.9188,38083290,34644426381
3/10/2016 15:00,sse.000016,2089.8613,2102.9862,2060.0643,2061.451,20872981,19900998976
3/11/2016 15:00,sse.000016,2043.2499,2071.0905,2039.5853,2070.7239,24443461,23904780794
3/14/2016 15:00,sse.000016,2079.9065,2117.8307,2071.1223,2078.4096,35114617,35565111220
3/15/2016 15:00,sse.000016,2077.5077,2105.0383,2055.3234,2101.1167,34647131,32999424626
3/16/2016 15:00,sse.000016,2087.2793,2142.1597,2084.7668,2136.1277,60381577,57696394759
3/17/2016 15:00,sse.000016,2135.0585,2156.8913,2113.4357,2131.4813,38077902,38825808171
3/18/2016 15:00,sse.000016,2140.2671,2165.1474,2131.3827,2141.1774,62257624,60631656538
3/21/2016 15:00,sse.000016,2156.9507,2214.6429,2154.4859,2193.3853,78264665,85196919043
3/22/2016 15:00,sse.000016,2181.9848,2196.3678,2167.4297,2173.256,50531245,54395174817
3/23/2016 15:00,sse.000016,2170.1633,2186.0204,2159.456,2175.2834,35247664,38676054516
3/24/2016 15:00,sse.000016,2161.1707,2161.1707,2137.1895,2137.59,33879927,36127200242
3/25/2016 15:00,sse.000016,2137.154,2156.804,2135.5281,2149.2039,22781049,25542245456
3/28/2016 15:00,sse.000016,2152.8074,2166.9221,2116.9804,2123.0349,25905906,27760610490
3/29/2016 15:00,sse.000016,2127.8042,2133.8094,2100.9189,2106.8616,25654604,26393057901
3/30/2016 15:00,sse.000016,2124.5313,2160.4969,2124.089,2157.5295,35633829,34688338303
3/31/2016 15:00,sse.000016,2166.4213,2171.7926,2149.2439,2156.541,32281837,32777718725
4/1/2016 15:00,sse.000016,2156.7757,2168.3329,2124.1259,2167.7824,34903898,32422111093
4/5/2016 15:00,sse.000016,2151.3691,2186.917,2147.0884,2180.2624,38874521,37084444528
4/6/2016 15:00,sse.000016,2167.4489,2176.9006,2156.5153,2168.0372,28349678,27380831339
4/7/2016 15:00,sse.000016,2174.8833,2177.1223,2138.3283,2139.4042,25833044,25519469340
4/8/2016 15:00,sse.000016,2125.4491,2132.7281,2114.2648,2123.8041,22822747,23132415424
4/11/2016 15:00,sse.000016,2140.5643,2167.6472,2140.5643,2148.4394,30212504,33903808618
4/12/2016 15:00,sse.000016,2147.8112,2150.5709,2135.2886,2143.8961,19392198,19123928979
4/13/2016 15:00,sse.000016,2157.2118,2197.7434,2157.2118,2171.315,51114468,51256822265
4/14/2016 15:00,sse.000016,2183.1207,2190.871,2166.6339,2178.8677,24878856,25373585783
4/15/2016 15:00,sse.000016,2182.1142,2190.7302,2172.9695,2182.0667,23818860,25223150971
4/18/2016 15:00,sse.000016,2166.0031,2168.8968,2154.3812,2158.2302,24410918,25800374598
4/19/2016 15:00,sse.000016,2169.8942,2173.0863,2156.1832,2163.607,18390650,19323711874
4/20/2016 15:00,sse.000016,2166.284,2169.65,2093.8183,2154.8859,47565258,48235896436
4/21/2016 15:00,sse.000016,2138.2874,2171.451,2129.9123,2147.7184,30628951,32429379679
4/22/2016 15:00,sse.000016,2135.9186,2161.7978,2133.8099,2157.7235,20198569,21289913315
4/25/2016 15:00,sse.000016,2149.2499,2156.5303,2130.3027,2148.2801,17156071,19007263456
4/26/2016 15:00,sse.000016,2146.4125,2163.2401,2140.5745,2155.7914,15444290,16801367976
4/27/2016 15:00,sse.000016,2157.859,2159.125,2143.8984,2145.3804,14520801,15736109020
4/28/2016 15:00,sse.000016,2149.0651,2155.5694,2131.8598,2142.0569,17358106,17850408074
4/29/2016 15:00,sse.000016,2136.8443,2146.3244,2134.1895,2135.5087,15948538,17090293150
5/3/2016 15:00,sse.000016,2136.1977,2167.7261,2131.3826,2158.2717,25815215,27269576824
5/4/2016 15:00,sse.000016,2152.4343,2159.6469,2147.7595,2152.9337,17426893,18144468011
5/5/2016 15:00,sse.000016,2149.4663,2155.4714,2145.1073,2152.8822,14777452,14787713103
5/6/2016 15:00,sse.000016,2152.5018,2153.8726,2106.4437,2107.0089,24642275,25367200229
5/9/2016 15:00,sse.000016,2100.6427,2100.6427,2064.6856,2072.467,24022253,22941013847
5/10/2016 15:00,sse.000016,2061.9885,2084.6965,2061.9885,2072.3818,17165746,17240679323
5/11/2016 15:00,sse.000016,2078.2867,2089.1174,2068.6501,2078.4126,18058633,18032556407
5/12/2016 15:00,sse.000016,2067.7474,2089.6491,2055.511,2084.8384,17927530,17443294933
5/13/2016 15:00,sse.000016,2079.6446,2089.8352,2072.2595,2076.1879,15287869,15135709690
5/16/2016 15:00,sse.000016,2068.9238,2082.8647,2064.6788,2082.6159,13579244,13252817364
5/17/2016 15:00,sse.000016,2081.5694,2083.8526,2069.273,2075.4651,14850963,13798390899
5/18/2016 15:00,sse.000016,2067.7161,2081.8512,2053.7159,2078.7593,23037112,22436930937
5/19/2016 15:00,sse.000016,2072.3674,2083.1321,2069.9025,2073.8041,14050006,13350530959
5/20/2016 15:00,sse.000016,2067.4642,2083.5117,2064.4422,2083.1174,13890172,13661635807
5/23/2016 15:00,sse.000016,2082.972,2095.1694,2077.9369,2082.4118,14479211,14371087061
5/24/2016 15:00,sse.000016,2080.0141,2080.0691,2062.4983,2066.6428,13104443,12004955715
5/25/2016 15:00,sse.000016,2079.4816,2084.1339,2068.6809,2071.9071,11284997,11048976063
5/26/2016 15:00,sse.000016,2070.2373,2083.0565,2062.1696,2076.1366,13126512,12358055446
5/27/2016 15:00,sse.000016,2075.2068,2080.4894,2069.5175,2074.9195,10577492,9750472554
5/30/2016 15:00,sse.000016,2076.9328,2093.774,2065.6354,2092.1606,17714385,15915924901
5/31/2016 15:00,sse.000016,2092.2161,2158.1222,2092.2161,2155.6557,40651742,40508298055
6/1/2016 15:00,sse.000016,2155.5038,2158.7152,2138.5571,2138.9632,25473324,25762502262
6/2/2016 15:00,sse.000016,2138.2076,2144.3191,2129.9414,2137.6519,16356666,16575050956
6/3/2016 15:00,sse.000016,2146.557,2157.0678,2135.5328,2152.6368,20526152,22672475334
6/6/2016 15:00,sse.000016,2148.9633,2151.0586,2131.9182,2136.3228,13658837,14937594456
6/7/2016 15:00,sse.000016,2141.6519,2145.7143,2134.6061,2139.069,14068491,14201054269
6/8/2016 15:00,sse.000016,2137.1805,2138.8466,2124.8355,2132.963,16405791,16913874903
6/13/2016 15:00,sse.000016,2113.912,2122.46,2083.2878,2084.3001,21028771,21548598394
6/14/2016 15:00,sse.000016,2080.9029,2098.064,2079.3951,2095.0228,15354924,15175834009
6/15/2016 15:00,sse.000016,2073.4685,2115.3762,2073.0979,2106.6312,19549925,19789057323
6/16/2016 15:00,sse.000016,2095.3615,2105.2531,2091.4898,2094.8146,17968861,17158684585
6/17/2016 15:00,sse.000016,2093.6916,2115.4165,2093.6916,2102.2006,17846082,16777643124
6/20/2016 15:00,sse.000016,2109.5667,2110.8862,2092.8287,2104.2202,12091160,11798703465
6/21/2016 15:00,sse.000016,2108.8656,2130.8995,2100.0614,2104.5582,17699905,18104606857
6/22/2016 15:00,sse.000016,2101.0542,2116.2969,2098.6316,2115.7685,13548733,12787840724
6/23/2016 15:00,sse.000016,2114.7744,2114.7744,2098.3578,2105.5324,15282345,14035828419
6/24/2016 15:00,sse.000016,2099.9981,2112.6087,2052.9842,2076.2999,22607830,21619299199
6/27/2016 15:00,sse.000016,2070.9409,2096.1991,2070.8239,2095.893,16488467,17695450852
6/28/2016 15:00,sse.000016,2089.3482,2104.4793,2084.1811,2102.0531,17588206,18316272765
6/29/2016 15:00,sse.000016,2105.7631,2124.2929,2104.2336,2122.9696,29455726,27166106363
6/30/2016 15:00,sse.000016,2123.8665,2130.9776,2120.4075,2122.633,20354517,20359578280
7/1/2016 15:00,sse.000016,2124.3995,2133.3504,2122.865,2127.0939,16132804,16184477911
7/4/2016 15:00,sse.000016,2121.8969,2169.6199,2120.4933,2163.2922,30862031,31651790050
7/5/2016 15:00,sse.000016,2162.0938,2174.424,2159.8998,2168.8551,32307728,29936900221
7/6/2016 15:00,sse.000016,2161.5774,2169.4639,2149.0363,2167.101,24538449,23724878345
7/7/2016 15:00,sse.000016,2161.3586,2173.7046,2153.7731,2166.8843,26977710,26449562840
7/8/2016 15:00,sse.000016,2156.3847,2158.7709,2147.14,2148.7606,19358789,20096990447
7/11/2016 15:00,sse.000016,2152.7392,2175.244,2150.3695,2155.716,28609245,29698288646
7/12/2016 15:00,sse.000016,2156.6305,2201.6291,2156.5924,2200.3482,40253733,40015835041
7/13/2016 15:00,sse.000016,2195.9812,2222.2524,2191.5863,2197.7879,43279797,41817569988
7/14/2016 15:00,sse.000016,2195.338,2199.8402,2184.4945,2195.2265,24152543,23660169197
7/15/2016 15:00,sse.000016,2196.9541,2200.8763,2186.3647,2192.3939,21585227,21378466138
7/18/2016 15:00,sse.000016,2190.469,2205.7954,2184.0526,2187.9829,29527180,28441558700
7/19/2016 15:00,sse.000016,2188.8003,2193.5722,2163.3148,2175.3972,21809135,21347839678
7/20/2016 15:00,sse.000016,2173.546,2177.9953,2163.109,2167.1205,14561926,14688862222
7/21/2016 15:00,sse.000016,2168.4763,2185.6157,2168.4763,2177.7781,18046754,18997293061
7/22/2016 15:00,sse.000016,2175.975,2177.4355,2154.3574,2157.2315,18389190,17796929596
7/25/2016 15:00,sse.000016,2155.3239,2167.5094,2152.0893,2159.5537,14528144,13822559724
7/26/2016 15:00,sse.000016,2156.8129,2183.0599,2156.7738,2182.505,18406051,19332969332
7/27/2016 15:00,sse.000016,2182.7202,2186.0832,2125.2663,2173.9725,37934806,37415328428
7/28/2016 15:00,sse.000016,2160.1626,2173.0819,2153.8911,2163.8087,25875423,24628707632
7/29/2016 15:00,sse.000016,2163.6408,2166.8486,2151.9265,2155.2387,18714730,17188355255
8/1/2016 15:00,sse.000016,2151.5424,2155.7899,2136.1129,2147.5582,20155396,18590040058
8/2/2016 15:00,sse.000016,2145.8207,2151.2922,2138.1895,2148.4547,12592111,12398906882
8/3/2016 15:00,sse.000016,2140.1526,2149.8949,2136.6048,2145.7877,15306893,14032573233
8/4/2016 15:00,sse.000016,2145.658,2146.5977,2130.1747,2143.8436,14955663,13767786598
8/5/2016 15:00,sse.000016,2142.335,2159.1375,2137.3123,2148.6819,16164434,15610788994
8/8/2016 15:00,sse.000016,2147.6963,2159.9522,2137.5171,2159.6726,16775740,16057771490
8/9/2016 15:00,sse.000016,2159.31,2176.6962,2157.7635,2175.345,22824745,21066193477
8/10/2016 15:00,sse.000016,2175.1336,2179.6115,2169.1298,2170.1028,17391019,16953324939
8/11/2016 15:00,sse.000016,2168.1332,2205.8757,2168.1332,2177.0644,26585166,27452383033
8/12/2016 15:00,sse.000016,2177.8017,2222.6902,2175.8543,2222.4884,34430012,33399543956
8/15/2016 15:00,sse.000016,2227.0785,2310.2774,2225.6223,2287.6559,63745308,70155321042
8/16/2016 15:00,sse.000016,2293.811,2302.3314,2253.4146,2257.6988,61249434,60087460440
8/17/2016 15:00,sse.000016,2260.9256,2270.3706,2241.9429,2253.7364,30848866,32673544825
8/18/2016 15:00,sse.000016,2253.1171,2274.4547,2235.0464,2244.7198,33880448,37432377000
8/19/2016 15:00,sse.000016,2241.6725,2254.49,2230.3299,2249.3415,28900693,28754463573
8/22/2016 15:00,sse.000016,2249.0797,2253.5947,2235.0116,2237.1276,26193060,24905153870
8/23/2016 15:00,sse.000016,2235.3906,2256.328,2232.444,2241.9516,23023903,21968325777
8/24/2016 15:00,sse.000016,2242.9091,2244.8791,2227.5559,2232.2134,18121787,18160277348
8/25/2016 15:00,sse.000016,2224.5128,2225.9992,2205.0109,2222.1523,21819104,21100844007
8/26/2016 15:00,sse.000016,2223.3073,2232.2944,2215.6249,2219.3076,16430965,16358841293
8/29/2016 15:00,sse.000016,2219.0199,2220.1267,2205.1217,2214.2593,19852012,20336544676
8/30/2016 15:00,sse.000016,2215.8404,2229.8335,2215.6856,2224.0621,19846692,20353643460
8/31/2016 15:00,sse.000016,2222.0197,2237.6591,2218.6523,2232.7117,16955552,19008422813
9/1/2016 15:00,sse.000016,2230.3628,2235.6488,2219.2542,2220.4031,19028224,19569003737
9/2/2016 15:00,sse.000016,2216.288,2231.4553,2215.6443,2229.893,20406023,20785028615
9/5/2016 15:00,sse.000016,2230.4116,2240.4943,2224.9325,2228.7184,17813452,17615394655
9/6/2016 15:00,sse.000016,2227.4392,2241.5245,2217.477,2232.4508,21254771,20977302258
9/7/2016 15:00,sse.000016,2233.0343,2246.3722,2230.5783,2236.5455,22097671,22932080128
9/8/2016 15:00,sse.000016,2234.9461,2239.1679,2230.8166,2236.6259,14171157,14213130964
9/9/2016 15:00,sse.000016,2236.3902,2241.6101,2228.6613,2229.3097,17411513,18263953236
9/12/2016 15:00,sse.000016,2201.6758,2202.9049,2175.333,2199.9764,34546891,34431278167
9/13/2016 15:00,sse.000016,2197.3785,2199.2404,2185.8221,2193.1932,14968924,14480419194
9/14/2016 15:00,sse.000016,2184.1113,2187.9544,2172.3966,2176.523,18169657,16682778415
9/19/2016 15:00,sse.000016,2178.7597,2191.2152,2178.7597,2189.4611,14135665,12964096987
9/20/2016 15:00,sse.000016,2190.097,2190.717,2181.016,2184.207,11022894,10917289013
9/21/2016 15:00,sse.000016,2184.4235,2191.813,2180.5012,2187.1542,12446509,12499273318
9/22/2016 15:00,sse.000016,2195.2461,2210.7925,2192.4912,2200.6981,15398043,15995169274
9/23/2016 15:00,sse.000016,2202.6976,2203.6628,2195.0766,2196.2903,11727636,11066821847
9/26/2016 15:00,sse.000016,2190.3899,2190.3899,2166.8248,2167.264,16948209,16306550462
9/27/2016 15:00,sse.000016,2163.3779,2176.7666,2162.4355,2176.4476,12592539,12286665277
9/28/2016 15:00,sse.000016,2177.4147,2177.4147,2165.3322,2166.7226,9288432,9340080201
9/29/2016 15:00,sse.000016,2170.9872,2183.1708,2170.8428,2175.3696,11879464,11524241341
9/30/2016 15:00,sse.000016,2171.9392,2182.6073,2171.492,2177.3524,9219305,9655516164
10/10/2016 15:00,sse.000016,2187.6518,2204.3272,2185.4675,2202.8725,19300202,17570859968
10/11/2016 15:00,sse.000016,2205.3535,2212.429,2202.1237,2209.2276,21169384,19324765204
10/12/2016 15:00,sse.000016,2205.444,2205.444,2196.8521,2200.9969,15478837,13632018247
10/13/2016 15:00,sse.000016,2201.3398,2204.8884,2194.5954,2202.1167,18308790,16208937516
10/14/2016 15:00,sse.000016,2199.5558,2211.0919,2196.2605,2209.8145,23950510,19450261272
10/17/2016 15:00,sse.000016,2207.3532,2209.1407,2189.2717,2192.8845,23161867,20075033194
10/18/2016 15:00,sse.000016,2189.932,2224.3372,2189.932,2222.7832,31777117,28619884362
10/19/2016 15:00,sse.000016,2222.7808,2230.8279,2217.6269,2221.5341,29432809,24775791183
10/20/2016 15:00,sse.000016,2222.6307,2228.9359,2218.9689,2223.4242,19772924,16643743596
10/21/2016 15:00,sse.000016,2221.3831,2246.5789,2221.0355,2240.7496,35668577,31144595460
10/24/2016 15:00,sse.000016,2245.4581,2285.0836,2243.8107,2270.9504,49603451,46511890096
10/25/2016 15:00,sse.000016,2270.0167,2274.3835,2258.9193,2266.1718,32423788,29902474056
10/26/2016 15:00,sse.000016,2263.6921,2266.8789,2254.6297,2257.1164,27146057,26576638603
10/27/2016 15:00,sse.000016,2254.3219,2256.2063,2243.6342,2250.2589,23438309,21935646235
10/28/2016 15:00,sse.000016,2252.3836,2271.9059,2249.4854,2253.8017,28233461,29162089699
10/31/2016 15:00,sse.000016,2247.9901,2253.8033,2236.2027,2250.4693,19814955,20503305961
11/1/2016 15:00,sse.000016,2250.4946,2263.6239,2246.9485,2263.4785,22015306,21614635678
11/2/2016 15:00,sse.000016,2256.1179,2259.1863,2242.7688,2244.7436,22260825,21833996516
11/3/2016 15:00,sse.000016,2241.4374,2283.249,2239.8675,2273.6329,40913027,41436992720
11/4/2016 15:00,sse.000016,2271.8454,2284.9537,2266.9174,2271.9263,36192091,34041513297
11/7/2016 15:00,sse.000016,2271.9644,2279.5525,2265.3606,2276.9543,25966704,24429764611
11/8/2016 15:00,sse.000016,2284.0079,2294.6246,2276.7377,2282.4184,32595874,30889499347
11/9/2016 15:00,sse.000016,2281.1242,2281.5947,2244.4325,2263.9243,37352431,36936621257
11/10/2016 15:00,sse.000016,2279.9426,2297.9704,2279.9426,2289.4491,34565998,34617495386
11/11/2016 15:00,sse.000016,2285.6102,2315.9608,2284.2877,2308.4288,56948601,56536701351
11/14/2016 15:00,sse.000016,2304.607,2338.5803,2303.9664,2317.7726,61684865,62927633302
11/15/2016 15:00,sse.000016,2315.7982,2319.0679,2306.2299,2310.901,34486140,34355883810
11/16/2016 15:00,sse.000016,2312.4976,2314.8461,2302.1426,2309.9426,32596386,28705100721
11/17/2016 15:00,sse.000016,2306.4093,2317.537,2297.7364,2316.7211,35450763,31212488103
11/18/2016 15:00,sse.000016,2318.8955,2323.7228,2304.5508,2307.2741,34475285,32316982716
11/21/2016 15:00,sse.000016,2304.7681,2350.755,2304.7681,2334.6776,57519637,53971971300
11/22/2016 15:00,sse.000016,2334.6848,2357.5738,2334.6848,2353.0023,65983177,60419169256
11/23/2016 15:00,sse.000016,2355.3161,2375.8115,2352.3964,2360.3355,54062331,48700350062
11/24/2016 15:00,sse.000016,2356.8473,2382.9524,2355.8012,2368.7336,37158089,40256755229
11/25/2016 15:00,sse.000016,2371.6989,2394.7076,2358.2567,2393.9464,44327975,42204998422
11/28/2016 15:00,sse.000016,2406.7025,2427.5931,2398.4139,2403.1352,77554504,77969829054
11/29/2016 15:00,sse.000016,2398.6683,2455.4294,2395.8125,2441.5786,93038586,99547618915
11/30/2016 15:00,sse.000016,2435.8052,2444.9543,2411.5628,2419.4136,68971980,73266475227
12/1/2016 15:00,sse.000016,2421.928,2448.6667,2417.9622,2431.3063,73606674,73842854162
12/2/2016 15:00,sse.000016,2427.1666,2430.8331,2401.0614,2416.5077,77625017,74393615073
12/5/2016 15:00,sse.000016,2378.2099,2386.4343,2363.1299,2375.2578,72428357,70278620313
12/6/2016 15:00,sse.000016,2371.1117,2382.1961,2366.9999,2368.6823,42595955,40651332827
12/7/2016 15:00,sse.000016,2367.4214,2377.3041,2358.8712,2376.9191,36313646,34446112888
12/8/2016 15:00,sse.000016,2380.6577,2387.173,2374.4669,2379.0013,39651556,37465801967
12/9/2016 15:00,sse.000016,2374.2955,2422.7765,2372.459,2411.3144,67860127,61692701664
12/12/2016 15:00,sse.000016,2408.0861,2423.3928,2362.1425,2387.1588,70574194,71536049675
12/13/2016 15:00,sse.000016,2373.7919,2382.4434,2357.4597,2372.9307,41202486,38968411908
12/14/2016 15:00,sse.000016,2369.4963,2384.5618,2359.7223,2360.3788,46800326,45575405193
12/15/2016 15:00,sse.000016,2346.7652,2354.3523,2302.4343,2309.8159,42583252,43441485557
12/16/2016 15:00,sse.000016,2302.8738,2315.5373,2298.4339,2302.3152,30579551,29864306385
12/19/2016 15:00,sse.000016,2299.7136,2303.6854,2288.3022,2291.3842,24162297,23999280183
12/20/2016 15:00,sse.000016,2293.3996,2295.1135,2262.8781,2279.6828,30105533,29079311142
12/21/2016 15:00,sse.000016,2282.1242,2304.6006,2281.9966,2297.3706,40184256,37262711092
12/22/2016 15:00,sse.000016,2293.3477,2298.1885,2280.7874,2292.0412,29222980,27254973860
12/23/2016 15:00,sse.000016,2290.2506,2291.723,2271.1285,2278.4779,33060817,32451253211
12/26/2016 15:00,sse.000016,2266.3837,2295.6936,2251.713,2294.7094,29923521,29506329303
12/27/2016 15:00,sse.000016,2291.2318,2300.1599,2286.4342,2286.9617,24597656,24199961477
12/28/2016 15:00,sse.000016,2286.4067,2289.8074,2269.1647,2277.1759,23304574,22778607123
12/29/2016 15:00,sse.000016,2273.2206,2282.1935,2265.8937,2275.1064,23997471,23962418064
12/30/2016 15:00,sse.000016,2276.8102,2286.9917,2272.4997,2286.8984,25480755,25510014465
1/3/2017 15:00,sse.000016,2285.2729,2311.2926,2285.2729,2307.8917,25908920,25440737012
1/4/2017 15:00,sse.000016,2305.9117,2324.5577,2304.1733,2322.2059,26104403,27183258500
1/5/2017 15:00,sse.000016,2322.4239,2326.1847,2317.8853,2322.6843,26528712,26566424137
1/6/2017 15:00,sse.000016,2323.0064,2326.4342,2308.3694,2308.9363,26445124,27286688190
1/9/2017 15:00,sse.000016,2308.4423,2321.692,2307.1634,2318.3365,26523074,25903507210
1/10/2017 15:00,sse.000016,2316.1574,2320.9954,2309.9369,2312.5985,24055981,23234949978
1/11/2017 15:00,sse.000016,2311.9197,2317.6623,2299.313,2300.4749,26928346,25072639380
1/12/2017 15:00,sse.000016,2299.4896,2310.7752,2294.3243,2295.4033,22139174,21207409536
1/13/2017 15:00,sse.000016,2293.4653,2315.2116,2291.0624,2308.0552,27540467,26932674953
1/16/2017 15:00,sse.000016,2303.3177,2343.2727,2282.2431,2337.3944,59294735,57422130271
1/17/2017 15:00,sse.000016,2326.0089,2332.8355,2320.0333,2329.595,19170449,20007429486
1/18/2017 15:00,sse.000016,2330.1424,2349.3934,2327.9266,2342.7751,20298891,21780720212
1/19/2017 15:00,sse.000016,2335.6565,2349.6445,2330.3364,2334.9572,21090735,19780250558
1/20/2017 15:00,sse.000016,2334.4871,2350.2614,2333.4654,2347.1829,17511288,18489265518
1/23/2017 15:00,sse.000016,2350.5468,2358.4726,2340.5341,2347.1047,19311321,20759190263
1/24/2017 15:00,sse.000016,2347.5024,2357.169,2343.4627,2352.4242,20110777,19232210881
1/25/2017 15:00,sse.000016,2349.5184,2358.9482,2345.699,2358.6974,17800221,18384465912
1/26/2017 15:00,sse.000016,2359.428,2371.9263,2359.428,2364.0244,18629831,19294724868
2/3/2017 15:00,sse.000016,2367.5296,2368.9093,2338.198,2339.9894,14515951,16092735126
2/6/2017 15:00,sse.000016,2346.4438,2351.5572,2336.8989,2343.9673,19895715,21725103384
2/7/2017 15:00,sse.000016,2343.6583,2347.357,2331.7758,2337.5346,16972740,18894961191
2/8/2017 15:00,sse.000016,2334.6822,2347.0961,2323.9054,2346.4263,24237691,24896256753
2/9/2017 15:00,sse.000016,2345.8405,2364.1442,2343.7281,2354.9009,31381646,32399332339
2/10/2017 15:00,sse.000016,2357.5885,2374.4846,2357.2065,2368.1834,39306360,40549347807
2/13/2017 15:00,sse.000016,2369.6975,2382.9209,2369.4869,2379.3057,34603826,38907287848
2/14/2017 15:00,sse.000016,2381.1007,2381.6336,2367.0458,2373.5138,24227167,27371194760
2/15/2017 15:00,sse.000016,2375.6241,2385.1178,2369.4303,2372.192,38949257,37792892133
2/16/2017 15:00,sse.000016,2373.3133,2378.4506,2366.1598,2376.7626,29629497,29617805580
2/17/2017 15:00,sse.000016,2378.657,2389.3244,2360.9953,2362.7086,31090474,34309239068
2/20/2017 15:00,sse.000016,2361.7607,2395.5341,2361.5061,2394.1201,44690411,43486701590
2/21/2017 15:00,sse.000016,2396.2244,2410.3454,2393.3702,2396.8843,32569800,34544041111
2/22/2017 15:00,sse.000016,2397.487,2399.3978,2389.0552,2398.1922,24513009,27231838137
2/23/2017 15:00,sse.000016,2397.5593,2402.5669,2379.5593,2387.4172,23458671,25602450087
2/24/2017 15:00,sse.000016,2385.0511,2390.3892,2377.099,2389.8774,25680121,25353533822
2/27/2017 15:00,sse.000016,2384.9181,2387.8177,2365.4666,2370.5594,23827555,25954639587
2/28/2017 15:00,sse.000016,2369.4712,2379.4279,2366.2364,2370.707,16793558,18323796827
3/1/2017 15:00,sse.000016,2371.6526,2383.513,2368.6219,2371.9252,27863124,27623876667
3/2/2017 15:00,sse.000016,2376.9712,2380.2389,2354.1431,2354.9134,23062731,26057596581
3/3/2017 15:00,sse.000016,2347.9063,2350.6712,2338.8455,2347.1456,20483107,21533669478
3/6/2017 15:00,sse.000016,2346.0369,2355.0915,2342.5176,2349.8889,21112399,20808519433
3/7/2017 15:00,sse.000016,2349.6213,2356.9591,2347.167,2356.2933,20251348,21625724682
3/8/2017 15:00,sse.000016,2353.6169,2362.9632,2351.6963,2358.074,24369833,23456269478
3/9/2017 15:00,sse.000016,2352.7491,2353.5377,2334.3363,2346.5527,26630667,26051706735
3/10/2017 15:00,sse.000016,2343.3076,2347.4582,2336.3193,2339.2339,17988811,18979436067
3/13/2017 15:00,sse.000016,2337.3552,2355.2169,2328.6186,2354.8904,24624011,26164051605
3/14/2017 15:00,sse.000016,2353.719,2359.3138,2349.2801,2354.8998,19017006,19760470618
3/15/2017 15:00,sse.000016,2352.3852,2357.8454,2345.4435,2357.3071,21062595,21925253372
3/16/2017 15:00,sse.000016,2362.3583,2376.5131,2362.3583,2369.194,30278210,32128349577
3/17/2017 15:00,sse.000016,2371.6054,2373.5439,2342.0186,2346.9602,30767623,33130740534
3/20/2017 15:00,sse.000016,2352.1149,2355.5347,2337.5269,2350.0671,27149291,28589609884
3/21/2017 15:00,sse.000016,2352.2124,2358.5471,2348.8689,2357.1359,28887921,36125342400
3/22/2017 15:00,sse.000016,2347.8575,2352.7639,2330.1158,2338.5468,32891982,37345963467
3/23/2017 15:00,sse.000016,2340.0614,2356.2714,2334.1196,2347.4342,26712552,33283040509
3/24/2017 15:00,sse.000016,2350.6917,2373.5785,2341.6197,2365.6043,40120772,45396321523
3/27/2017 15:00,sse.000016,2364.745,2381.7653,2360.6737,2364.4277,35491156,40382705997
3/28/2017 15:00,sse.000016,2368.1547,2368.379,2353.0761,2356.3135,24813635,28082153971
3/29/2017 15:00,sse.000016,2357.9977,2363.7697,2349.1249,2352.6937,29018549,31210660598
3/30/2017 15:00,sse.000016,2350.9195,2356.437,2335.2305,2346.6672,31113066,31991546578
3/31/2017 15:00,sse.000016,2344.9599,2361.3161,2340.7722,2359.752,29505146,28551404423
4/5/2017 15:00,sse.000016,2369.4888,2384.6804,2365.3402,2384.2636,40075442,43436345805
4/6/2017 15:00,sse.000016,2384.4322,2395.121,2376.1462,2390.3893,39325003,42616523084
4/7/2017 15:00,sse.000016,2390.9144,2394.0522,2379.3331,2388.2714,36248630,38151219431
4/10/2017 15:00,sse.000016,2388.5631,2391.9479,2377.4323,2379.1574,31258026,34790978044
4/11/2017 15:00,sse.000016,2374.9225,2385.0534,2354.0188,2382.1093,39200826,44230592996
4/12/2017 15:00,sse.000016,2378.9284,2385.6134,2362.4312,2378.8628,33640316,38322592045
4/13/2017 15:00,sse.000016,2369.6067,2373.3697,2364.4418,2368.1061,22793060,26083925849
4/14/2017 15:00,sse.000016,2367.7843,2368.8018,2344.6093,2355.5204,24318969,26912930286
4/17/2017 15:00,sse.000016,2348.7513,2359.1835,2334.8933,2357.5233,26376250,27908077358
4/18/2017 15:00,sse.000016,2352.5128,2352.791,2336.7707,2337.3507,23753656,28470231118
4/19/2017 15:00,sse.000016,2331.6599,2335.9901,2311.659,2325.0424,27919435,30382089519
4/20/2017 15:00,sse.000016,2324.3661,2336.5435,2320.9971,2335.6472,26576725,32243770984
4/21/2017 15:00,sse.000016,2336.4448,2350.87,2333.2339,2347.6745,27073712,29654139738
4/24/2017 15:00,sse.000016,2344.1921,2344.1921,2323.6676,2341.9296,31093007,34439046268
4/25/2017 15:00,sse.000016,2337.5206,2348.6026,2334.0037,2344.741,19382943,24053129870
4/26/2017 15:00,sse.000016,2345.6275,2360.2819,2338.8564,2344.5049,26470622,32375909169
4/27/2017 15:00,sse.000016,2337.4558,2352.6806,2327.4745,2351.6403,29834076,32332181912
4/28/2017 15:00,sse.000016,2348.2876,2348.2876,2331.824,2347.0391,20733683,25027445315
5/2/2017 15:00,sse.000016,2341.7482,2350.5147,2334.8824,2336.7917,16218321,19299425102
5/3/2017 15:00,sse.000016,2335.8206,2342.143,2324.1919,2329.7661,18747685,21306113201
5/4/2017 15:00,sse.000016,2325.0077,2332.0897,2317.1372,2325.4332,20767410,23662230428
5/5/2017 15:00,sse.000016,2318.9217,2320.602,2297.4492,2320.602,30951074,33979252417
5/8/2017 15:00,sse.000016,2309.2437,2326.0968,2298.318,2326.0968,34650123,38506527297
5/9/2017 15:00,sse.000016,2312.8502,2320.2946,2307.8681,2316.2944,16157315,20310246269
5/10/2017 15:00,sse.000016,2315.561,2337.0466,2315.561,2324.9219,22318926,29082185108
5/11/2017 15:00,sse.000016,2318.0494,2342.1845,2313.8327,2339.2903,28395441,31483872623
5/12/2017 15:00,sse.000016,2336.6071,2375.6392,2335.3745,2375.4495,28906784,32145338936
5/15/2017 15:00,sse.000016,2380.2743,2394.5172,2378.9741,2381.7516,23412410,28055294184
5/16/2017 15:00,sse.000016,2376.9048,2381.732,2362.1128,2381.317,23892047,27292942013
5/17/2017 15:00,sse.000016,2377.1211,2378.987,2361.6292,2363.5591,20858225,24900860658
5/18/2017 15:00,sse.000016,2348.872,2361.0157,2347.377,2354.753,17121231,21258547530
5/19/2017 15:00,sse.000016,2351.5202,2363.3566,2351.5202,2361.6616,14304568,18966709971
5/22/2017 15:00,sse.000016,2359.9686,2384.157,2358.7809,2381.5525,22780231,28751136186
5/23/2017 15:00,sse.000016,2378.7444,2412.0257,2376.6431,2411.7999,34620556,41243924524
5/24/2017 15:00,sse.000016,2402.5176,2413.4211,2382.1873,2407.5706,22774332,28642322409
5/25/2017 15:00,sse.000016,2399.3599,2476.9092,2399.2744,2473.4953,50363335,53142705847
5/26/2017 15:00,sse.000016,2467.9024,2483.7474,2462.2339,2471.2141,30989733,36527500459
5/31/2017 15:00,sse.000016,2470.9351,2502.8461,2462.258,2479.078,29878344,37045182127
6/1/2017 15:00,sse.000016,2476.2051,2497.6867,2465.4762,2496.4482,30766330,37798053562
6/2/2017 15:00,sse.000016,2494.3694,2499.7051,2472.6496,2475.4636,23664148,28341836180
6/5/2017 15:00,sse.000016,2468.9369,2473.3565,2442.2693,2450.3457,28735857,29094732475
6/6/2017 15:00,sse.000016,2447.0401,2466.3129,2444.1931,2466.0064,17467322,22598702078
6/7/2017 15:00,sse.000016,2468.5513,2492.9847,2464.1886,2484.0334,27138408,34088120474
6/8/2017 15:00,sse.000016,2481.1646,2508.9349,2475.7447,2507.0335,22070860,29227278562
6/9/2017 15:00,sse.000016,2506.758,2536.9931,2504.9001,2519.2731,33773309,39637188806
6/12/2017 15:00,sse.000016,2515.5759,2545.0373,2512.143,2521.1681,25720869,33894565405
6/13/2017 15:00,sse.000016,2517.3334,2519.1482,2499.7299,2515.1427,17487921,24470316904
6/14/2017 15:00,sse.000016,2505.0635,2505.2011,2471.6184,2477.3173,21841108,29833245385
6/15/2017 15:00,sse.000016,2474.2624,2481.7995,2453.1344,2461.974,20702545,28607609121
6/16/2017 15:00,sse.000016,2454.8405,2466.6922,2448.3106,2452.7899,16518044,23251565457
6/19/2017 15:00,sse.000016,2455.0312,2486.3139,2453.3495,2484.1159,20594004,26899358952
6/20/2017 15:00,sse.000016,2489.1996,2492.2223,2467.7656,2474.4253,17771153,24584405328
6/21/2017 15:00,sse.000016,2487.8517,2498.1901,2468.5135,2497.2544,20354217,30603689504
6/22/2017 15:00,sse.000016,2491.9235,2544.6674,2491.9235,2516.6729,43743944,53825786308
6/23/2017 15:00,sse.000016,2510.711,2530.5595,2496.6608,2529.0983,29403951,37695703375
6/26/2017 15:00,sse.000016,2531.2806,2560.1065,2531.2806,2543.3213,39716748,49718219294
6/27/2017 15:00,sse.000016,2541.6862,2558.0965,2529.2391,2554.6996,26984713,33511465515
6/28/2017 15:00,sse.000016,2548.1571,2560.8558,2537.235,2537.6363,28194970,35655498939
6/29/2017 15:00,sse.000016,2541.3483,2554.7977,2532.462,2552.9754,19754376,26914436769
6/30/2017 15:00,sse.000016,2543.7865,2552.9219,2533.8595,2549.9676,18677177,23781990192
7/3/2017 15:00,sse.000016,2550.4968,2550.4968,2522.7441,2534.3675,18304213,25254138996
7/4/2017 15:00,sse.000016,2531.5259,2531.6057,2506.6818,2511.1507,23547128,30659910520
7/5/2017 15:00,sse.000016,2508.8126,2551.408,2507.9205,2548.0993,20607654,31435616251
7/6/2017 15:00,sse.000016,2543.909,2561.6364,2534.1207,2553.8793,22234624,33132156331
7/7/2017 15:00,sse.000016,2542.9093,2546.7756,2527.548,2543.6576,22510062,29785522487
7/10/2017 15:00,sse.000016,2538.1582,2557.4727,2530.9276,2550.1147,25305145,33457188875
7/11/2017 15:00,sse.000016,2543.72,2592.0575,2543.0489,2570.5919,33968228,41538299333
7/12/2017 15:00,sse.000016,2570.9128,2604.1973,2555.3837,2565.1428,37070595,43416548177
7/13/2017 15:00,sse.000016,2565.5942,2601.467,2563.2209,2600.9535,42871574,50979652188
7/14/2017 15:00,sse.000016,2600.7644,2623.3154,2593.4299,2622.9835,33653285,39772289956
7/17/2017 15:00,sse.000016,2627.3746,2663.2835,2594.4247,2631.4144,60865949,68239169350
7/18/2017 15:00,sse.000016,2619.2303,2637.532,2596.1224,2624.3081,39435040,46730935042
7/19/2017 15:00,sse.000016,2621.112,2661.6587,2618.3689,2657.8882,48688897,60808696801
7/20/2017 15:00,sse.000016,2653.3794,2666.0446,2643.6418,2665.4483,37580733,48880732330
7/21/2017 15:00,sse.000016,2655.2284,2661.4764,2634.9951,2639.2128,29715562,41342809548
7/24/2017 15:00,sse.000016,2636.5514,2666.6518,2632.7575,2654.3785,33056566,41940145552
7/25/2017 15:00,sse.000016,2656.4773,2667.7864,2639.6062,2643.0733,34185413,37771702666
7/26/2017 15:00,sse.000016,2642.2587,2665.149,2617.546,2636.2005,35447256,41955306629
7/27/2017 15:00,sse.000016,2631.9978,2638.9404,2610.5758,2636.6262,30670126,38024537065
7/28/2017 15:00,sse.000016,2627.1593,2642.6914,2619.0355,2636.3937,21934465,28588923662
7/31/2017 15:00,sse.000016,2633.8821,2649.2942,2626.1827,2638.1244,28647763,37904968806
8/1/2017 15:00,sse.000016,2640.8671,2681.9347,2638.0214,2681.8054,33820507,47788869621
8/2/2017 15:00,sse.000016,2679.3364,2696.6417,2675.2015,2680.6314,42222377,53708274668
8/3/2017 15:00,sse.000016,2676.348,2689.9388,2644.9871,2646.2164,31815168,40554215540
8/4/2017 15:00,sse.000016,2644.4459,2653.8128,2627.2482,2627.8026,27959952,38299815616
8/7/2017 15:00,sse.000016,2621.546,2641.3412,2613.8249,2634.1759,26086109,34629740074
8/8/2017 15:00,sse.000016,2632.0435,2639.2415,2622.2606,2635.1841,25782468,33964139987
8/9/2017 15:00,sse.000016,2630.67,2634.4349,2618.8132,2620.3807,24707911,33204150496
8/10/2017 15:00,sse.000016,2617.9885,2635.351,2590.8637,2611.3412,28171479,39580893961
8/11/2017 15:00,sse.000016,2592.038,2599.7121,2566.5727,2570.2565,35170960,44276237777
8/14/2017 15:00,sse.000016,2572.3008,2598.3794,2567.6009,2591.4536,26118900,36279971337
8/15/2017 15:00,sse.000016,2593.0719,2623.0837,2592.9242,2605.2415,27900976,33091743587
8/16/2017 15:00,sse.000016,2601.4708,2602.0988,2586.3352,2595.0017,20351811,25167149993
8/17/2017 15:00,sse.000016,2599.0419,2606.6849,2591.542,2604.0837,20571105,27778492685
8/18/2017 15:00,sse.000016,2601.8845,2621.9693,2595.8647,2613.2647,19897828,31122548701
8/21/2017 15:00,sse.000016,2619.0381,2628.8017,2610.257,2616.8248,19436872,27074874330
8/22/2017 15:00,sse.000016,2624.4106,2644.1982,2620.1589,2643.5032,27118182,37445333103
8/23/2017 15:00,sse.000016,2641.792,2673.3854,2639.6618,2659.7804,34691794,41179121745
8/24/2017 15:00,sse.000016,2659.6517,2675.1978,2641.8253,2646.4016,29939211,33887056125
8/25/2017 15:00,sse.000016,2645.4491,2706.7039,2645.4491,2706.2421,47493751,53051877580
8/28/2017 15:00,sse.000016,2715.4696,2766.79,2715.4696,2736.4617,60501098,77248845265
8/29/2017 15:00,sse.000016,2734.4459,2746.103,2726.218,2739.129,35262284,46759798714
8/30/2017 15:00,sse.000016,2739.9951,2762.0668,2720.6558,2728.2308,42052803,53736565089
8/31/2017 15:00,sse.000016,2729.4694,2735.4262,2701.8849,2714.6313,40182234,46855537263
9/1/2017 15:00,sse.000016,2716.0543,2734.7684,2700.1618,2710.1186,43093296,52472882984
9/4/2017 15:00,sse.000016,2703.3303,2713.7289,2691.7754,2711.3475,33196289,43569185632
9/5/2017 15:00,sse.000016,2712.7609,2738.594,2711.1738,2729.8476,30534788,39043619969
9/6/2017 15:00,sse.000016,2721.9475,2725.2397,2703.6515,2714.3309,31137933,40907423467
9/7/2017 15:00,sse.000016,2716.1251,2717.5555,2690.8771,2691.829,27636111,37181801275
9/8/2017 15:00,sse.000016,2692.7975,2701.5697,2681.4428,2686.6899,24471292,32599542138
9/11/2017 15:00,sse.000016,2691.3364,2708.4223,2673.6232,2674.7502,29084101,40085267926
9/12/2017 15:00,sse.000016,2682.2494,2695.525,2672.285,2692.5401,30788323,44847896342
9/13/2017 15:00,sse.000016,2690.5596,2694.4138,2676.2487,2687.6707,21197720,28986307164
9/14/2017 15:00,sse.000016,2688.3998,2694.775,2666.8169,2672.8364,28586737,36529833539
9/15/2017 15:00,sse.000016,2669.653,2677.5329,2659.7328,2668.3759,34648980,43243332307
9/18/2017 15:00,sse.000016,2670.1977,2694.0589,2670.1977,2674.1759,33134639,44470273326
9/19/2017 15:00,sse.000016,2680.7159,2687.1837,2661.6095,2670.6914,30087359,37488875261
9/20/2017 15:00,sse.000016,2667.2401,2675.2112,2661.8681,2662.6266,25367940,32883593692
9/21/2017 15:00,sse.000016,2664.0525,2690.3598,2660.5309,2675.5508,31753452,39541814535
9/22/2017 15:00,sse.000016,2666.6655,2686.4094,2662.8382,2679.0529,26359750,33471981305
9/25/2017 15:00,sse.000016,2672.9453,2682.7495,2667.3055,2680.6516,31981420,39930427514
9/26/2017 15:00,sse.000016,2673.5445,2681.2329,2673.3966,2678.9912,19283177,24098925149
9/27/2017 15:00,sse.000016,2674.4102,2677.7437,2659.5963,2661.5532,20058637,25198603171
9/28/2017 15:00,sse.000016,2661.5413,2663.6951,2653.4645,2661.2832,21661881,26189371648
9/29/2017 15:00,sse.000016,2661.5229,2682.1695,2660.8582,2672.3272,20204668,27595164102
10/9/2017 15:00,sse.000016,2736.8345,2743.3643,2688.5382,2692.0769,41489292,48635654051
10/10/2017 15:00,sse.000016,2693.251,2711.3065,2671.9426,2695.5374,29974727,43282245847
10/11/2017 15:00,sse.000016,2694.4982,2717.3281,2692.7692,2707.5221,24598483,33211929719
10/12/2017 15:00,sse.000016,2706.4203,2724.8346,2702.3134,2718.3508,23922877,31885586752
10/13/2017 15:00,sse.000016,2716.0041,2722.2311,2711.9544,2713.3767,19273409,26260593293
10/16/2017 15:00,sse.000016,2719.3095,2741.0971,2715.0511,2726.6423,25575898,35091358627
10/17/2017 15:00,sse.000016,2725.1997,2734.3072,2716.4042,2723.5345,17979809,24598831240
10/18/2017 15:00,sse.000016,2725.6666,2753.9229,2723.7626,2753.0105,28260821,35436442988
10/19/2017 15:00,sse.000016,2750.6359,2756.0354,2743.1343,2756.0354,28617869,37232948624
10/20/2017 15:00,sse.000016,2744.4945,2746.2294,2733.7199,2737.6411,16098421,21717579711
10/23/2017 15:00,sse.000016,2744.325,2746.9989,2732.6321,2734.3683,19546035,24707305078
10/24/2017 15:00,sse.000016,2732.9435,2762.594,2730.8414,2753.6492,24870827,33123069436
10/25/2017 15:00,sse.000016,2753.9297,2756.7629,2746.2667,2752.1394,19646722,23785824324
10/26/2017 15:00,sse.000016,2760.0647,2788.6564,2753.7271,2771.0435,41473188,54784605665
10/27/2017 15:00,sse.000016,2770.5287,2815.419,2769.4266,2814.272,40301956,51199079647
10/30/2017 15:00,sse.000016,2812.2381,2822.5891,2780.0454,2809.1069,48004879,62621423012
10/31/2017 15:00,sse.000016,2795.5379,2797.7884,2785.1578,2793.7119,32370371,40543780867
11/1/2017 15:00,sse.000016,2795.1916,2816.2952,2782.0608,2789.4022,46204132,57994095087
11/2/2017 15:00,sse.000016,2788.1144,2796.4305,2771.1529,2794.1017,37526868,45419208697
11/3/2017 15:00,sse.000016,2789.5399,2803.3141,2770.1248,2800.4688,38906160,46914635940
11/6/2017 15:00,sse.000016,2798.4715,2798.4715,2776.9492,2792.2237,33268910,43470106571
11/7/2017 15:00,sse.000016,2794.1929,2832.1382,2792.7012,2821.9558,49368280,62260600286
11/8/2017 15:00,sse.000016,2818.6698,2846.2997,2811.1058,2819.9571,44768530,58278446355
11/9/2017 15:00,sse.000016,2814.5684,2834.5103,2809.9574,2832.9612,32704232,41950628735
11/10/2017 15:00,sse.000016,2828.1222,2867.0623,2827.7397,2862.3432,44198338,61842416412
11/13/2017 15:00,sse.000016,2865.7827,2885.7022,2865.721,2873.5145,48459049,57913427076
11/14/2017 15:00,sse.000016,2876.748,2882.7922,2853.7768,2861.4234,36037160,50380322667
11/15/2017 15:00,sse.000016,2848.7673,2864.3659,2839.461,2850.0504,32974209,46704463812
11/16/2017 15:00,sse.000016,2840.3621,2880.9834,2840.3621,2879.3977,32051824,49388290032
11/17/2017 15:00,sse.000016,2868.5192,2940.7738,2867.5864,2938.7983,68472023,94406687960
11/20/2017 15:00,sse.000016,2916.7381,2942.1402,2897.2049,2941.1532,43840765,63399459397
11/21/2017 15:00,sse.000016,2928.9235,3012.8935,2927.61,2987.1731,63648682,91543185659
11/22/2017 15:00,sse.000016,3001.9506,3038.2756,2989.8171,3012.3552,74555729,99081500982
11/23/2017 15:00,sse.000016,3003.7768,3018.2596,2919.6522,2940.7256,66990986,89773742201
11/24/2017 15:00,sse.000016,2934.4465,2949.7937,2907.1,2936.8339,45426296,65421397402
11/27/2017 15:00,sse.000016,2928.3575,2928.8632,2885.6037,2917.306,50187197,67344522314
11/28/2017 15:00,sse.000016,2900.0777,2908.3648,2872.534,2897.107,30693710,42668016391
11/29/2017 15:00,sse.000016,2905.3313,2914.0667,2855.8527,2893.2825,36005237,50246701565
11/30/2017 15:00,sse.000016,2878.5252,2895.5282,2850.3123,2863.4469,35802178,51612041701
12/1/2017 15:00,sse.000016,2861.8966,2867.1148,2834.262,2842.1841,30789844,45681945059
12/4/2017 15:00,sse.000016,2829.8111,2868.2937,2823.9355,2861.3609,26911901,42169177864
12/5/2017 15:00,sse.000016,2852.8197,2922.3279,2851.3166,2910.4755,59599972,78760354316
12/6/2017 15:00,sse.000016,2897.2254,2897.2254,2845.1345,2875.7315,31693883,46136992608
12/7/2017 15:00,sse.000016,2868.2037,2875.7407,2828.2335,2848.888,27940527,39788412878
12/8/2017 15:00,sse.000016,2843.2021,2872.8208,2832.7981,2865.3407,25364927,37958647348
12/11/2017 15:00,sse.000016,2862.6063,2900.1668,2857.9828,2899.1036,28687751,44155352637
12/12/2017 15:00,sse.000016,2897.6645,2900.2742,2849.3918,2850.1969,26086531,36558523502
12/13/2017 15:00,sse.000016,2850.4681,2879.4054,2834.9278,2872.94,22381649,33848005178
12/14/2017 15:00,sse.000016,2874.9463,2878.3211,2841.9207,2850.0458,22766719,32316889274
12/15/2017 15:00,sse.000016,2844.1017,2846.5165,2817.3175,2820.1666,26667418,35570708838
12/18/2017 15:00,sse.000016,2821.4191,2842.8138,2815.8199,2829.0585,20702573,29731950926
12/19/2017 15:00,sse.000016,2829.549,2873.6011,2827.4384,2873.0302,23789168,38584552516
12/20/2017 15:00,sse.000016,2874.0545,2887.2322,2861.5375,2879.6434,28458123,41956966180
12/21/2017 15:00,sse.000016,2871.6834,2906.8072,2862.2294,2895.3659,25781561,38962108359
12/22/2017 15:00,sse.000016,2891.7213,2897.0338,2876.0165,2880.7725,18956880,27835325512
12/25/2017 15:00,sse.000016,2882.2781,2915.6089,2868.8613,2880.0968,26314099,39860539032
12/26/2017 15:00,sse.000016,2878.7538,2897.6178,2868.6044,2894.3358,27001023,37479220536
12/27/2017 15:00,sse.000016,2886.7003,2889.3088,2832.0229,2839.6346,32138676,45980785891
12/28/2017 15:00,sse.000016,2842.7313,2870.8941,2829.542,2859.0537,34351482,51738560594
12/29/2017 15:00,sse.000016,2861.919,2876.1918,2849.6787,2860.4363,28631400,40451478933
1/2/2018 15:00,sse.000016,2867.5282,2912.2694,2867.5282,2908.7318,54008668,63411514961
1/3/2018 15:00,sse.000016,2914.2787,2947.6307,2906.5984,2913.2596,48206865,69339662348
1/4/2018 15:00,sse.000016,2918.2559,2934.1518,2910.6624,2919.4787,43520711,59071711306
1/5/2018 15:00,sse.000016,2926.7782,2940.1799,2920.0843,2932.3558,49943348,62492266389
1/8/2018 15:00,sse.000016,2933.8245,2952.344,2926.8709,2947.7613,58052793,82070565457
1/9/2018 15:00,sse.000016,2947.5496,2972.4254,2947.1159,2969.3175,40589034,60495808429
1/10/2018 15:00,sse.000016,2968.3436,2999.7483,2966.1807,2995.5641,57763850,72207517696
1/11/2018 15:00,sse.000016,2986.7923,3009.992,2981.3345,2997.0448,42351821,56280148974
1/12/2018 15:00,sse.000016,2997.9008,3019.702,2993.5648,3018.5957,38168296,55328487662
1/15/2018 15:00,sse.000016,3027.2028,3070.9386,3022.4724,3048.8075,64988821,89764581677
1/16/2018 15:00,sse.000016,3041.3642,3065.1869,3035.7676,3063.8609,64262468,87195144294
1/17/2018 15:00,sse.000016,3071.499,3132.9929,3060.2185,3076.1819,91066330,1.19156E+11
1/18/2018 15:00,sse.000016,3096.2011,3125.8631,3084.2792,3106.5516,87706926,1.11974E+11
1/19/2018 15:00,sse.000016,3122.672,3145.9935,3100.4066,3117.8212,94955302,1.17995E+11
1/22/2018 15:00,sse.000016,3104.9585,3144.8513,3104.4049,3130.3299,77465852,96853995904
1/23/2018 15:00,sse.000016,3145.1079,3177.7627,3144.2813,3176.5042,101691899,1.20507E+11
1/24/2018 15:00,sse.000016,3189.7683,3202.4699,3150.5532,3180.3318,99130667,1.25182E+11
1/25/2018 15:00,sse.000016,3171.3495,3177.4071,3124.4555,3157.4592,77363976,97574390990
1/26/2018 15:00,sse.000016,3147.4779,3195.072,3147.4779,3172.7776,82164637,94465283690
1/29/2018 15:00,sse.000016,3184.298,3197.8398,3107.9564,3120.6951,72920214,96641913863
1/30/2018 15:00,sse.000016,3109.1853,3127.7506,3077.314,3079.1178,54275944,69473844578
1/31/2018 15:00,sse.000016,3063.2335,3118.7622,3062.5284,3116.8331,55607397,72990261128
2/1/2018 15:00,sse.000016,3120.1331,3141.7685,3101.3386,3141.23,72193287,92604918753
2/2/2018 15:00,sse.000016,3113.2991,3150.697,3082.9941,3149.6414,52901436,72098054089
2/5/2018 15:00,sse.000016,3098.6722,3181.5942,3095.9874,3181.3393,71607348,91528595257
2/6/2018 15:00,sse.000016,3114.3466,3140.0317,3094.4926,3117.4905,98646622,1.27406E+11
2/7/2018 15:00,sse.000016,3147.323,3166.6982,3020.3926,3029.6011,94700492,1.19171E+11
2/8/2018 15:00,sse.000016,2998.603,3019.2746,2911.403,2945.8438,73117846,89454605332
2/9/2018 15:00,sse.000016,2857.4334,2871.5441,2724.5915,2810.0273,91925899,1.11223E+11
2/12/2018 15:00,sse.000016,2803.8592,2823.8067,2776.9576,2805.211,46290004,56121422794
2/13/2018 15:00,sse.000016,2834.3901,2887.893,2834.3901,2852.7169,46622211,56890392995
2/14/2018 15:00,sse.000016,2859.8663,2877.0369,2841.2391,2871.7873,25349814,31690057642
2/22/2018 15:00,sse.000016,2915.9685,2936.8458,2900.8733,2931.8815,39297753,49214807418
2/23/2018 15:00,sse.000016,2941.4214,2966.7522,2926.3629,2957.171,38207489,45850903406
2/26/2018 15:00,sse.000016,2973.8138,2986.813,2933.5161,2973.7855,50214027,58593508704
2/27/2018 15:00,sse.000016,2979.768,2979.768,2918.007,2927.0968,46201435,54502425839
2/28/2018 15:00,sse.000016,2899.0023,2905.5729,2866.4622,2878.6666,38758134,47725005592
3/1/2018 15:00,sse.000016,2859.09,2907.2684,2852.4923,2891.2982,32284888,40076068744
3/2/2018 15:00,sse.000016,2864.1751,2887.893,2852.0115,2864.1834,29864517,36583775828
3/5/2018 15:00,sse.000016,2865.2016,2889.7377,2846.9319,2863.9909,29967149,36066405586
3/6/2018 15:00,sse.000016,2878.9177,2893.462,2838.6092,2892.4752,47593576,53720112308
3/7/2018 15:00,sse.000016,2892.442,2921.4421,2868.0359,2878.1506,37917658,45394077229
3/8/2018 15:00,sse.000016,2878.8198,2903.0532,2865.5516,2898.2542,28963037,37537677980
3/9/2018 15:00,sse.000016,2907.0416,2916.5531,2891.8682,2908.1974,31504490,39303801991
3/12/2018 15:00,sse.000016,2922.6177,2927.5081,2897.2355,2909.5793,44985076,54236062326
3/13/2018 15:00,sse.000016,2909.2478,2921.3074,2878.2003,2883.3771,40607603,44383331438
3/14/2018 15:00,sse.000016,2871.7227,2879.5374,2860.9695,2871.334,30886301,36928754270
3/15/2018 15:00,sse.000016,2860.4136,2895.6118,2860.4136,2894.9828,26260075,35212947634
3/16/2018 15:00,sse.000016,2895.5064,2911.1939,2869.9671,2870.7318,27192101,36436840718
3/19/2018 15:00,sse.000016,2870.3649,2898.2345,2856.171,2897.2558,26042930,37418712946
3/20/2018 15:00,sse.000016,2878.9533,2907.5229,2877.0999,2904.3972,27129403,33929944349
3/21/2018 15:00,sse.000016,2928.9996,2932.2176,2879.5251,2894.1835,33388762,47299461831
3/22/2018 15:00,sse.000016,2894.1292,2902.7671,2851.294,2866.6702,30505808,42875777208
3/23/2018 15:00,sse.000016,2786.531,2800.2467,2754.6598,2791.4674,62623251,74872353298
3/26/2018 15:00,sse.000016,2767.3635,2773.5378,2709.568,2738.868,42742210,56021077844
3/27/2018 15:00,sse.000016,2775.6346,2780.8388,2726.3603,2747.5872,39211664,49589358458
3/28/2018 15:00,sse.000016,2714.8736,2746.8803,2687.9567,2694.8259,34583486,50997098740
3/29/2018 15:00,sse.000016,2699.1359,2757.7792,2657.492,2738.7906,42353919,57630689830
3/30/2018 15:00,sse.000016,2735.6242,2740.8194,2714.7667,2722.153,31681918,39358358981
4/2/2018 15:00,sse.000016,2717.1183,2754.6509,2707.6327,2711.3735,34698719,43302463214
4/3/2018 15:00,sse.000016,2690.6325,2709.9075,2683.048,2697.272,28628162,36026223651
4/4/2018 15:00,sse.000016,2706.4205,2730.2484,2698.8863,2702.3692,26732258,37548671722
4/9/2018 15:00,sse.000016,2706.3294,2721.5909,2688.8314,2715.7318,26293549,35014124147
4/10/2018 15:00,sse.000016,2719.517,2781.2685,2710.8682,2780.8036,38082535,46905059931
4/11/2018 15:00,sse.000016,2782.6714,2803.8806,2767.3767,2785.3386,38988811,45163364683
4/12/2018 15:00,sse.000016,2785.1209,2785.3072,2747.772,2749.6986,26112148,32674719394
4/13/2018 15:00,sse.000016,2765.6697,2771.0319,2724.1662,2726.3956,21750014,26441150858
4/16/2018 15:00,sse.000016,2716.5786,2723.5796,2656.52,2664.7045,36748757,42548544190
4/17/2018 15:00,sse.000016,2669.2648,2683.4957,2633.5923,2635.7032,27139751,34686808558
4/18/2018 15:00,sse.000016,2666.6167,2668.7892,2623.9744,2653.7691,31549903,40117474816
4/19/2018 15:00,sse.000016,2661.3006,2693.1359,2656.1487,2682.5518,26025677,34609094804
4/20/2018 15:00,sse.000016,2672.3583,2677.9209,2632.7466,2647.3763,28139647,34288995784
4/23/2018 15:00,sse.000016,2637.071,2671.0096,2636.6773,2664.9175,25321251,29520126739
4/24/2018 15:00,sse.000016,2669.6103,2737.2062,2669.6103,2722.8474,39445289,47857182807
4/25/2018 15:00,sse.000016,2707.7101,2717.3144,2696.2223,2702.9802,23501293,27772719983
4/26/2018 15:00,sse.000016,2712.517,2717.5693,2652.4225,2666.0239,23533135,30650849167
4/27/2018 15:00,sse.000016,2672.6362,2675.0958,2613.5267,2653.5436,28375248,50547114328
5/2/2018 15:00,sse.000016,2662.0787,2667.9624,2637.0612,2652.7311,26659402,36833147151
5/3/2018 15:00,sse.000016,2643.9661,2671.2449,2626.5404,2663.9752,26222350,34759395616
5/4/2018 15:00,sse.000016,2659.2724,2669.6982,2643.2567,2646.3548,20761663,27084460654
5/7/2018 15:00,sse.000016,2649.0997,2686.221,2638.1682,2683.8487,26608010,39387560480
5/8/2018 15:00,sse.000016,2683.841,2736.7572,2682.7941,2722.88,31644364,45366811968
5/9/2018 15:00,sse.000016,2723.0859,2725.1955,2706.4814,2717.2393,20264916,26836482892
5/10/2018 15:00,sse.000016,2727.5158,2738.6293,2712.4744,2729.4001,19609175,26915822603
5/11/2018 15:00,sse.000016,2737.2278,2738.6456,2720.5471,2724.7162,23488885,28916753234
5/14/2018 15:00,sse.000016,2736.9752,2761.4948,2736.0351,2753.5353,27061501,36510022488
5/15/2018 15:00,sse.000016,2760.1979,2760.5682,2731.5668,2750.8309,22526422,29285882544
5/16/2018 15:00,sse.000016,2739.8948,2744.6179,2714.2644,2716.7818,21808679,29565944252
5/17/2018 15:00,sse.000016,2720.7715,2724.39,2698.1711,2700.8768,16746907,22819122418
5/18/2018 15:00,sse.000016,2697.7172,2741.014,2690.9915,2740.5347,22927267,28871526639
5/21/2018 15:00,sse.000016,2753.8794,2761.7225,2739.6817,2745.8041,27766582,34138508286
5/22/2018 15:00,sse.000016,2744.3238,2744.3238,2711.0597,2728.0004,23340295,27343649959
5/23/2018 15:00,sse.000016,2721.0206,2721.0206,2683.5856,2683.6934,25426594,31024068020
5/24/2018 15:00,sse.000016,2684.1321,2691.0337,2664.1226,2665.6758,19732689,23694518902
5/25/2018 15:00,sse.000016,2663.3212,2679.8487,2650.3387,2661.2911,19942205,22816577239
5/28/2018 15:00,sse.000016,2661.2082,2682.7805,2650.398,2673.1985,18533039,25502551443
5/29/2018 15:00,sse.000016,2666.8301,2676.6828,2642.8669,2663.4034,26895624,34869490393
5/30/2018 15:00,sse.000016,2632.7129,2637.1916,2604.9059,2605.9005,24208986,31639051769
5/31/2018 15:00,sse.000016,2626.9376,2661.6567,2624.6717,2658.2917,26506810,40160427279
6/1/2018 15:00,sse.000016,2652.2511,2664.3107,2637.3739,2647.1867,20387624,27262324847
6/4/2018 15:00,sse.000016,2664.845,2697.7518,2658.5681,2694.577,22546288,34965207424
6/5/2018 15:00,sse.000016,2697.6934,2712.1161,2680.2417,2707.0168,22214405,39274706066
6/6/2018 15:00,sse.000016,2702.7119,2703.4144,2688.3289,2692.1807,20523118,32474828529
6/7/2018 15:00,sse.000016,2697.5121,2717.0637,2693.1048,2695.2374,23511030,37061172274
6/8/2018 15:00,sse.000016,2686.0929,2686.1535,2637.3625,2652.0823,26031212,34396136010
6/11/2018 15:00,sse.000016,2644.4271,2665.9317,2633.082,2660.4084,19775018,34247914460
6/12/2018 15:00,sse.000016,2662.3871,2691.9664,2650.9744,2687.7018,19643008,37585972996
6/13/2018 15:00,sse.000016,2681.3132,2686.0677,2662.7477,2671.6265,19387165,31276410277
6/14/2018 15:00,sse.000016,2662.2343,2691.0449,2659.5741,2671.2975,21356957,36200038471
6/15/2018 15:00,sse.000016,2657.5896,2677.3105,2657.506,2667.9751,25618389,36641713691
6/19/2018 15:00,sse.000016,2638.3951,2646.6398,2571.6922,2599.7801,57574355,78041470955
6/20/2018 15:00,sse.000016,2588.1187,2607.4674,2567.4983,2598.328,23830855,37407473004
6/21/2018 15:00,sse.000016,2597.3032,2628.0383,2575.1735,2579.0517,24632386,37656267118
6/22/2018 15:00,sse.000016,2564.8679,2586.3338,2553.2993,2583.708,19658834,27587280770
6/25/2018 15:00,sse.000016,2593.6247,2595.9885,2535.1222,2536.4599,23443084,34770055543
6/26/2018 15:00,sse.000016,2516.0829,2519.1612,2470.1462,2506.7166,26450100,36753950477
6/27/2018 15:00,sse.000016,2500.0663,2512.5855,2438.0431,2452.6386,27426919,38191024071
6/28/2018 15:00,sse.000016,2431.8604,2461.1738,2418.295,2425.1758,22856049,33377733487
6/29/2018 15:00,sse.000016,2431.8087,2481.3228,2429.5937,2479.9115,20762653,28882933472
7/2/2018 15:00,sse.000016,2473.3116,2473.7343,2370.3999,2386.3765,26108151,34815664914
7/3/2018 15:00,sse.000016,2389.3604,2395.0801,2331.8404,2388.9763,29074680,41734889556
7/4/2018 15:00,sse.000016,2381.2531,2403.5109,2365.8939,2368.4251,19664477,25915678562
7/5/2018 15:00,sse.000016,2370.8634,2398.5647,2352.9749,2374.3553,25268639,31987649266
7/6/2018 15:00,sse.000016,2378.8689,2422.4035,2349.4759,2402.617,24922030,34949296696
7/9/2018 15:00,sse.000016,2410.5172,2471.7978,2410.5172,2471.2851,24333366,32262518042
7/10/2018 15:00,sse.000016,2475.9776,2477.8448,2448.8609,2471.2299,21373460,27528532984
7/11/2018 15:00,sse.000016,2420.1787,2443.3456,2409.3108,2432.2785,20851901,25413234429
7/12/2018 15:00,sse.000016,2425.6658,2490.4438,2425.6658,2474.6247,27324093,35199534603
7/13/2018 15:00,sse.000016,2480.8213,2481.5568,2464.9487,2476.8642,19832100,27255893768
7/16/2018 15:00,sse.000016,2471.1523,2484.1708,2438.8598,2448.765,19872462,26038758256
7/17/2018 15:00,sse.000016,2443.5479,2446.0981,2414.3524,2430.4445,16666433,23394743345
7/18/2018 15:00,sse.000016,2437.3761,2458.4802,2419.3161,2420.7591,17807465,25693424280
7/19/2018 15:00,sse.000016,2432.8921,2452.4453,2418.66,2426.1628,20446054,27782080917
7/20/2018 15:00,sse.000016,2426.0974,2506.9362,2409.0533,2493.765,34453471,43533098708
7/23/2018 15:00,sse.000016,2482.0482,2533.7736,2478.1883,2526.8127,39625663,48771098188
7/24/2018 15:00,sse.000016,2534.0715,2579.5931,2534.0715,2563.5835,48833416,59894611877
7/25/2018 15:00,sse.000016,2573.9288,2573.9594,2550.966,2563.6871,26507281,32665789732
7/26/2018 15:00,sse.000016,2570.4844,2578.7151,2525.6665,2530.9913,25328431,31611476175
7/27/2018 15:00,sse.000016,2529.6595,2541.2253,2515.8892,2525.0915,18966728,24518467496
7/30/2018 15:00,sse.000016,2525.3808,2562.7609,2515.5526,2541.3081,24506255,31092980164
7/31/2018 15:00,sse.000016,2537.0289,2553.8068,2521.8197,2545.1243,20241929,24039711426
8/1/2018 15:00,sse.000016,2557.605,2570.3119,2489.1249,2490.2454,27372269,34530061577
8/2/2018 15:00,sse.000016,2483.757,2485.4082,2412.9611,2440.3127,29601109,38564615487
8/3/2018 15:00,sse.000016,2438.8435,2452.0665,2413.2507,2413.5032,21546213,27748476376
8/6/2018 15:00,sse.000016,2417.3015,2448.9765,2393.6822,2406.5365,25723041,32153359031
8/7/2018 15:00,sse.000016,2416.0124,2480.0957,2407.6426,2479.7796,29752110,36302268723
8/8/2018 15:00,sse.000016,2476.401,2481.8426,2443.0683,2446.9978,23590929,29660523517
8/9/2018 15:00,sse.000016,2437.4492,2510.3592,2435.7942,2504.6172,26576959,34656639611
8/10/2018 15:00,sse.000016,2505.3103,2518.1091,2485.9756,2503.2058,19421209,24186557133
8/13/2018 15:00,sse.000016,2480.1013,2485.2335,2442.2277,2478.5086,22941849,26665351434
8/14/2018 15:00,sse.000016,2475.4668,2482.7051,2454.9847,2469.2002,17071931,20045977121
8/15/2018 15:00,sse.000016,2467.2474,2467.4461,2405.6043,2408.7219,19756173,25686441970
8/16/2018 15:00,sse.000016,2381.0087,2430.9171,2367.0476,2405.1638,25498718,29471698509
8/17/2018 15:00,sse.000016,2427.4705,2429.6778,2370.0406,2374.1729,20629848,27133585817
8/20/2018 15:00,sse.000016,2386.143,2409.1289,2370.8243,2409.1289,23001283,29137721787
8/21/2018 15:00,sse.000016,2411.9829,2461.1357,2410.8882,2452.3833,24358955,32859740792
8/22/2018 15:00,sse.000016,2461.4007,2461.4007,2438.9424,2450.1537,16052916,23341039576
8/23/2018 15:00,sse.000016,2453.6554,2474.6885,2435.1603,2461.0673,18856430,26228812908
8/24/2018 15:00,sse.000016,2449.3718,2496.3853,2438.7209,2471.9989,20760608,25033439733
8/27/2018 15:00,sse.000016,2484.4092,2522.3395,2482.5165,2522.3395,28385082,36374960729
8/28/2018 15:00,sse.000016,2524.9224,2530.4967,2503.8061,2511.1452,21401627,27357476589
8/29/2018 15:00,sse.000016,2506.1492,2515.0018,2497.8187,2503.4801,18183977,22304401348
8/30/2018 15:00,sse.000016,2506.5297,2519.401,2479.2095,2479.2095,18233552,24060028051
8/31/2018 15:00,sse.000016,2462.7956,2490.4603,2455.9854,2474.4765,26221781,34676329320
9/3/2018 15:00,sse.000016,2461.86,2470.5142,2445.8731,2465.8797,18306655,23175179024
9/4/2018 15:00,sse.000016,2467.2526,2507.0367,2451.7197,2500.4376,20593805,26778972753
9/5/2018 15:00,sse.000016,2488.9038,2493.473,2441.2299,2441.2299,21316444,25994314951
9/6/2018 15:00,sse.000016,2432.3952,2449.8324,2408.934,2416.0328,20873911,26783391769
9/7/2018 15:00,sse.000016,2424.417,2458.2582,2416.1616,2437.677,18360830,24990642531
9/10/2018 15:00,sse.000016,2431.1783,2440.107,2410.7861,2413.4258,18041257,22252755105
9/11/2018 15:00,sse.000016,2412.1806,2422.9416,2387.6431,2398.7678,18111101,23434140834
9/12/2018 15:00,sse.000016,2389.2845,2398.7281,2373.0362,2381.3883,16845245,22303172718
9/13/2018 15:00,sse.000016,2413.4104,2419.9987,2381.0254,2415.3115,21471991,28306392807
9/14/2018 15:00,sse.000016,2421.6597,2434.6738,2410.6633,2425.4208,16391883,22697487912
9/17/2018 15:00,sse.000016,2411.3765,2418.1387,2397.9374,2399.8807,13684293,18413972405
9/18/2018 15:00,sse.000016,2391.9463,2459.7704,2391.7279,2458.7677,22891942,29860440834
9/19/2018 15:00,sse.000016,2455.4421,2505.0027,2452.5801,2487.0771,28973848,38581196693
9/20/2018 15:00,sse.000016,2492.3952,2503.0998,2480.5359,2487.4223,22948441,27327581707
9/21/2018 15:00,sse.000016,2495.7377,2573.6031,2485.4117,2573.6031,41753278,46760013495
9/25/2018 15:00,sse.000016,2545.2136,2560.7169,2536.4278,2547.7911,24321290,29275324016
9/26/2018 15:00,sse.000016,2555.9205,2610.5899,2553.1663,2582.7666,33704338,45864299944
9/27/2018 15:00,sse.000016,2582.1155,2584.0671,2561.576,2575.4485,22953309,29831869532
9/28/2018 15:00,sse.000016,2580.6563,2618.8254,2577.9827,2606.6676,28780345,37086066741
10/8/2018 15:00,sse.000016,2544.4908,2548.8941,2481.1833,2486.8222,33707752,45896477010
10/9/2018 15:00,sse.000016,2481.5885,2506.2665,2476.3458,2491.6628,21668620,27821740445
10/10/2018 15:00,sse.000016,2495.8598,2518.607,2472.1897,2494.0558,20421095,29055984671
10/11/2018 15:00,sse.000016,2412.2212,2446.3735,2369.0253,2390.5025,36931486,47144413739
10/12/2018 15:00,sse.000016,2398.1799,2452.6865,2390.994,2444.1305,29000533,37470242153
10/15/2018 15:00,sse.000016,2443.7309,2448.257,2407.5483,2412.4791,20543216,26673331724
10/16/2018 15:00,sse.000016,2414.317,2459.8784,2407.0034,2415.492,19832199,26111832842
10/17/2018 15:00,sse.000016,2446.478,2451.1869,2384.1416,2429.2145,24854130,31533042167
10/18/2018 15:00,sse.000016,2416.3723,2416.3723,2367.7141,2369.0679,22765046,29580379005
10/19/2018 15:00,sse.000016,2353.8361,2451.7576,2344.9814,2446.3196,31382548,42185839557
10/22/2018 15:00,sse.000016,2463.4925,2566.627,2463.4925,2540.1521,46328068,64393838244
10/23/2018 15:00,sse.000016,2539.6511,2544.2958,2451.6704,2464.8117,35418623,55621787795
10/24/2018 15:00,sse.000016,2459.3203,2530.7742,2459.2123,2477.4883,37027581,48850258934
10/25/2018 15:00,sse.000016,2419.1129,2486.7575,2415.4865,2485.0987,31130039,43012012710
10/26/2018 15:00,sse.000016,2486.9974,2499.7579,2445.829,2468.9096,28793335,37746236211
10/29/2018 15:00,sse.000016,2461.9241,2465.3693,2377.9853,2389.5766,28728277,40215886720
10/30/2018 15:00,sse.000016,2380.4668,2449.2854,2378.818,2415.6485,32464786,52081900276
10/31/2018 15:00,sse.000016,2424.1609,2460.8368,2413.3366,2451.1207,34500763,44512207236
11/1/2018 15:00,sse.000016,2474.2673,2500.1246,2455.7319,2460.1619,37694390,50794892605
11/2/2018 15:00,sse.000016,2522.39,2544.1873,2489.0674,2542.768,47328804,62090716320
11/5/2018 15:00,sse.000016,2520.8774,2524.6516,2489.593,2511.5897,28262359,37305733730
11/6/2018 15:00,sse.000016,2507.3589,2509.6404,2478.3756,2499.6793,22102400,27830069266
11/7/2018 15:00,sse.000016,2503.6814,2521.1509,2479.2489,2482.3343,26158564,30891232864
11/8/2018 15:00,sse.000016,2507.5932,2511.0045,2480.3278,2485.9978,20311246,26155585331
11/9/2018 15:00,sse.000016,2469.89,2469.89,2434.0811,2434.212,28036742,30360304998
11/12/2018 15:00,sse.000016,2426.8266,2447.4621,2419.9674,2444.9673,22907299,29682528968
11/13/2018 15:00,sse.000016,2415.2991,2474.8233,2413.7763,2462.9726,27681898,34914183934
11/14/2018 15:00,sse.000016,2462.1775,2462.1775,2425.9666,2429.9857,27016565,31710018989
11/15/2018 15:00,sse.000016,2430.1865,2459.4347,2427.0666,2459.1411,24745017,30254544229
11/16/2018 15:00,sse.000016,2458.4768,2482.4414,2443.1173,2461.4445,31500583,39145116369
11/19/2018 15:00,sse.000016,2466.4298,2492.0842,2461.7951,2492.0842,29720153,38040917146
11/20/2018 15:00,sse.000016,2475.2281,2484.0128,2441.849,2446.7911,26945322,32913380850
11/21/2018 15:00,sse.000016,2425.7163,2454.4595,2425.2317,2451.2723,21904534,26826856469
11/22/2018 15:00,sse.000016,2455.7711,2456.9128,2426.123,2437.6387,16424828,21069166872
11/23/2018 15:00,sse.000016,2433.5345,2441.3181,2398.7265,2399.2026,21219889,24231459148
11/26/2018 15:00,sse.000016,2409.4683,2423.4624,2393.9788,2401.8978,16215339,18832300553
11/27/2018 15:00,sse.000016,2407.2269,2416.4379,2387.9268,2394.2943,14968936,17940814844
11/28/2018 15:00,sse.000016,2396.295,2426.6596,2394.2508,2421.1336,17059686,21351171716
11/29/2018 15:00,sse.000016,2437.9202,2441.4157,2401.8524,2401.8524,19845353,25290387059
11/30/2018 15:00,sse.000016,2403.2314,2430.6502,2402.544,2428.0445,19322534,23150338247
12/3/2018 15:00,sse.000016,2492.4334,2500.5679,2467.9351,2488.0567,35369612,48628578697
12/4/2018 15:00,sse.000016,2488.5753,2496.8141,2476.9076,2496.1425,23849605,30722358309
12/5/2018 15:00,sse.000016,2467.5552,2492.3155,2465.2516,2481.7917,20483609,27883112760
12/6/2018 15:00,sse.000016,2453.5629,2460.2306,2431.8647,2434.4908,21671205,29561052080
12/7/2018 15:00,sse.000016,2441.375,2444.9849,2427.8872,2430.7223,14534653,20820781624
12/10/2018 15:00,sse.000016,2410.1674,2425.7352,2399.3225,2408.6063,17586515,23162583367
12/11/2018 15:00,sse.000016,2408.9163,2420.5205,2405.8651,2415.5777,12885505,17056710344
12/12/2018 15:00,sse.000016,2437.6058,2437.6058,2414.3308,2423.3178,14230846,18683315585
12/13/2018 15:00,sse.000016,2429.3884,2469.6995,2423.5699,2457.9046,28085510,36815471968
12/14/2018 15:00,sse.000016,2446.8102,2448.7983,2423.0881,2423.3814,25855357,30934773981
12/17/2018 15:00,sse.000016,2420.5763,2430.8886,2409.0091,2425.9446,21170997,27336830902
12/18/2018 15:00,sse.000016,2409.5758,2427.6848,2388.9827,2397.8676,20681269,25490008672
12/19/2018 15:00,sse.000016,2401.9082,2403.895,2366.4002,2369.5483,18664633,25313964258
12/20/2018 15:00,sse.000016,2363.0038,2372.3737,2319.0959,2334.9217,26893461,32198354747
12/21/2018 15:00,sse.000016,2325.9784,2327.4365,2288.4047,2306.1451,24752807,31278956943
12/24/2018 15:00,sse.000016,2293.7481,2311.7347,2286.9894,2309.2327,18318296,21344497127
12/25/2018 15:00,sse.000016,2285.66,2308.6053,2256.4712,2297.3326,24003262,27287608705
12/26/2018 15:00,sse.000016,2293.288,2303.1968,2278.2937,2281.5579,15787164,18688492953
12/27/2018 15:00,sse.000016,2310.8103,2313.0456,2275.0369,2276.0571,26756215,29948335973
12/28/2018 15:00,sse.000016,2279.6989,2305.9083,2278.2485,2293.0985,24277348,30980579878
1/2/2019 15:00,sse.000016,2298.1805,2301.0552,2252.7479,2262.7908,20880697,28119934116
1/3/2019 15:00,sse.000016,2259.4825,2287.7778,2253.9433,2269.243,18895240,24534925485
1/4/2019 15:00,sse.000016,2252.7449,2316.3528,2249.3658,2314.6466,25900596,34317942561
1/7/2019 15:00,sse.000016,2329.0316,2331.6031,2306.8979,2314.3193,25278948,31955994374
1/8/2019 15:00,sse.000016,2312.1705,2312.1705,2298.9548,2305.1708,18131160,22329122125
1/9/2019 15:00,sse.000016,2320.9119,2360.3601,2318.4352,2332.7192,28747596,37485405834
1/10/2019 15:00,sse.000016,2333.2162,2345.3313,2321.3049,2331.8507,22280507,28880603065
1/11/2019 15:00,sse.000016,2342.0236,2360.0609,2334.9145,2354.4987,18417693,24514111745
1/14/2019 15:00,sse.000016,2350.256,2354.3082,2330.0042,2331.1358,16462252,20643865539
1/15/2019 15:00,sse.000016,2337.7021,2380.5995,2332.4095,2378.3696,22466336,32220714370
1/16/2019 15:00,sse.000016,2375.1705,2385.216,2366.3446,2381.2178,18097039,25235752765
1/17/2019 15:00,sse.000016,2388.5925,2396.7993,2370.5809,2371.3481,21555000,26964929419
1/18/2019 15:00,sse.000016,2385.6219,2422.029,2380.5624,2417.363,30088200,37495330100
1/21/2019 15:00,sse.000016,2418.0047,2443.2254,2418.0047,2432.487,26237236,33912529398
1/22/2019 15:00,sse.000016,2430.4346,2430.4346,2394.1847,2401.233,19373137,25702750008
1/23/2019 15:00,sse.000016,2397.4091,2414.024,2392.6418,2397.0493,16290135,20185057238
1/24/2019 15:00,sse.000016,2401.3761,2414.888,2385.0986,2411.5621,20415697,27328503933
1/25/2019 15:00,sse.000016,2419.2563,2453.6657,2418.0088,2441.64,25683679,32544229949
1/28/2019 15:00,sse.000016,2455.2764,2473.1187,2429.8798,2437.0261,23468163,32696609436
1/29/2019 15:00,sse.000016,2433.3057,2461.5178,2423.4611,2455.8968,21863480,27141683077
1/30/2019 15:00,sse.000016,2445.8648,2462.6055,2439.3315,2440.0146,17835170,22414217284
1/31/2019 15:00,sse.000016,2454.6436,2487.0965,2450.1839,2483.4709,26681298,34141608094
2/1/2019 15:00,sse.000016,2502.1044,2503.5526,2479.3375,2499.6442,21950054,29364022984
2/11/2019 15:00,sse.000016,2485.5032,2528.3844,2484.6479,2527.4736,25211570,34715191184
2/12/2019 15:00,sse.000016,2528.103,2537.2935,2515.026,2533.1817,25458804,33771727407
2/13/2019 15:00,sse.000016,2538.4162,2587.8764,2528.2264,2580.6116,39821832,48008835511
2/14/2019 15:00,sse.000016,2572.6415,2585.5084,2564.8712,2576.3062,27718515,35168460065
2/15/2019 15:00,sse.000016,2566.3365,2568.7861,2515.8877,2517.4622,30315796,39093901907
2/18/2019 15:00,sse.000016,2540.5321,2583.3972,2540.2963,2582.8512,37400592,47875957598
2/19/2019 15:00,sse.000016,2586.8583,2614.3646,2568.1759,2579.0463,37907379,49607504218
2/20/2019 15:00,sse.000016,2593.7887,2599.5452,2569.983,2588.166,29965181,38166831752
2/21/2019 15:00,sse.000016,2586.7389,2615.4696,2569.4752,2577.2255,35252855,44405018411
2/22/2019 15:00,sse.000016,2575.9981,2623.0931,2555.7256,2623.0736,41384151,53491957465
2/25/2019 15:00,sse.000016,2652.9056,2788.6667,2652.9056,2787.6987,96939051,1.25003E+11
2/26/2019 15:00,sse.000016,2781.3088,2804.1631,2729.4761,2733.9005,87230161,1.14283E+11
2/27/2019 15:00,sse.000016,2739.1109,2794.9321,2722.3094,2750.3391,75508865,91098634597
2/28/2019 15:00,sse.000016,2749.8699,2767.8608,2733.0302,2743.9716,46340959,62186339126
3/1/2019 15:00,sse.000016,2764.9462,2819.4681,2747.2132,2819.4681,56100147,76333697134
3/4/2019 15:00,sse.000016,2839.4045,2907.8176,2816.9787,2832.5878,92180167,1.18854E+11
3/5/2019 15:00,sse.000016,2829.4997,2835.106,2807.1226,2828.8685,60349235,75288723604
3/6/2019 15:00,sse.000016,2827.8574,2847.3784,2797.5022,2840.2717,69492224,91060938203
3/7/2019 15:00,sse.000016,2831.3614,2831.3614,2773.3527,2789.7001,73263959,1.02232E+11
3/8/2019 15:00,sse.000016,2731.5301,2753.5526,2684.1969,2685.592,72033928,96388376525
3/11/2019 15:00,sse.000016,2683.7646,2714.0892,2670.7929,2708.5982,52014052,70198689432
3/12/2019 15:00,sse.000016,2730.5292,2759.6093,2704.6928,2719.7727,64867544,85051842954
3/13/2019 15:00,sse.000016,2731.5007,2747.9566,2699.9803,2723.9618,54064571,74117602733
3/14/2019 15:00,sse.000016,2720.1882,2752.6613,2716.2685,2729.1324,43471813,62567909556
3/15/2019 15:00,sse.000016,2735.9993,2783.5066,2735.8626,2755.8053,44123096,67258458922
3/18/2019 15:00,sse.000016,2763.2251,2827.2603,2749.1986,2825.1837,61605235,87655202122
3/19/2019 15:00,sse.000016,2830.2422,2842.4453,2797.717,2806.8964,43459056,62362679352
3/20/2019 15:00,sse.000016,2799.325,2831.6252,2787.2834,2812.9179,40322247,58429045852
3/21/2019 15:00,sse.000016,2816.4519,2822.6336,2799.8337,2802.9647,43631385,63731399243
3/22/2019 15:00,sse.000016,2804.7176,2813.5151,2771.9562,2795.3909,35988070,50509047892
3/25/2019 15:00,sse.000016,2757.8104,2765.8419,2717.2935,2718.1807,52140915,66207961992
3/26/2019 15:00,sse.000016,2737.3723,2739.2856,2693.9112,2706.1537,40073955,52612740798
3/27/2019 15:00,sse.000016,2721.1376,2751.7216,2714.095,2741.5907,33542018,51900870707
3/28/2019 15:00,sse.000016,2728.0449,2742.701,2709.3874,2733.9743,31840303,46631870202
3/29/2019 15:00,sse.000016,2747.5418,2845.2279,2746.1134,2838.5054,59676669,90550418034
4/1/2019 15:00,sse.000016,2860.144,2906.1505,2860.144,2892.619,77912146,1.04514E+11
4/2/2019 15:00,sse.000016,2900.6314,2903.8689,2878.3948,2888.5304,61187461,77540948359
4/3/2019 15:00,sse.000016,2869.846,2923.9217,2865.296,2920.0013,64723749,81562043792
4/4/2019 15:00,sse.000016,2927.1005,2959.5898,2921.2037,2951.9848,73035716,89999489242
4/8/2019 15:00,sse.000016,2978.5034,3007.8296,2938.6461,2962.2749,74531909,97533308615
4/9/2019 15:00,sse.000016,2968.0779,2980.1228,2948.3057,2967.5136,50802142,72309797814
4/10/2019 15:00,sse.000016,2957.2707,2996.4068,2941.3479,2979.0985,48692438,75072995998
4/11/2019 15:00,sse.000016,2982.3927,3000.0952,2920.1938,2928.4268,42811144,64001721559
4/12/2019 15:00,sse.000016,2920.5531,2933.4463,2903.2682,2920.5151,32521633,47318241100
4/15/2019 15:00,sse.000016,2973.0222,2999.3259,2924.6018,2924.9257,58437528,77706068531
4/16/2019 15:00,sse.000016,2914.9897,3023.0253,2909.665,3023.0253,70764163,85299156286
4/17/2019 15:00,sse.000016,3017.3947,3035.405,2996.7607,3017.4162,49960675,64317209035
4/18/2019 15:00,sse.000016,3014.9149,3019.5447,2993.274,3004.9245,39670684,50009082026
4/19/2019 15:00,sse.000016,3013.6723,3043.9263,2989.548,3042.4321,39943672,56035404843
4/22/2019 15:00,sse.000016,3047.4255,3048.8236,2962.3585,2970.488,56759697,74865754208
4/23/2019 15:00,sse.000016,2967.9958,3007.354,2964.9784,2978.8451,41065456,57398711314
4/24/2019 15:00,sse.000016,2989.9591,3001.5342,2933.5281,2974.8473,35425729,51081275886
4/25/2019 15:00,sse.000016,2962.7414,2973.2227,2924.0247,2927.995,38934483,52302557248
4/26/2019 15:00,sse.000016,2913.7749,2930.2088,2892.5275,2892.8568,36562197,52261886800
4/29/2019 15:00,sse.000016,2906.4685,2968.1622,2899.8271,2939.405,39249355,60772631948
4/30/2019 15:00,sse.000016,2935.2412,2955.8842,2919.4939,2945.2438,32127983,49535144401
5/6/2019 15:00,sse.000016,2853.8845,2867.5971,2768.8013,2805.0354,62436063,93816546651
5/7/2019 15:00,sse.000016,2814.4689,2833.1959,2777.7344,2806.2577,35418177,59334292086
5/8/2019 15:00,sse.000016,2753.6111,2796.466,2750.9257,2758.2435,30398772,47867856969
5/9/2019 15:00,sse.000016,2740.3494,2748.0071,2686.4667,2698.7804,30758681,52817873511
5/10/2019 15:00,sse.000016,2731.5772,2798.874,2698.8068,2793.7589,39453278,64003883199
5/13/2019 15:00,sse.000016,2751.7563,2767.4821,2736.8442,2741.1118,26590971,40076136382
5/14/2019 15:00,sse.000016,2716.7262,2754.692,2716.7262,2724.7337,26222018,41690816220
5/15/2019 15:00,sse.000016,2743.7809,2797.1531,2743.7809,2783.5439,30718920,47008658100
5/16/2019 15:00,sse.000016,2777.8502,2793.7622,2766.1496,2791.4146,28946302,39573599951
5/17/2019 15:00,sse.000016,2792.0771,2792.5061,2728.9346,2735.2124,30072063,42881486560
5/20/2019 15:00,sse.000016,2726.0683,2746.6596,2697.6087,2715.4315,31202646,41320624051
5/21/2019 15:00,sse.000016,2717.8744,2764.4834,2712.0423,2739.7852,26969051,38322653825
5/22/2019 15:00,sse.000016,2739.1115,2745.8568,2714.6498,2725.7343,23168729,31594205727
5/23/2019 15:00,sse.000016,2710.5727,2713.9433,2679.542,2685.9336,27810156,37242029909
5/24/2019 15:00,sse.000016,2693.8792,2722.3359,2692.5261,2702.0252,21237076,29272238812
5/27/2019 15:00,sse.000016,2696.2581,2731.3037,2667.377,2722.3345,27243848,38602910973
5/28/2019 15:00,sse.000016,2719.0611,2759.7788,2716.3083,2748.7987,34670056,50583998914
5/29/2019 15:00,sse.000016,2728.4353,2780.3073,2724.8524,2755.8081,24940857,42312700123
5/30/2019 15:00,sse.000016,2748.4289,2752.6862,2721.8807,2742.9635,24398405,33563876794
5/31/2019 15:00,sse.000016,2740.3026,2762.387,2728.9459,2728.9459,22188152,30748522003
6/3/2019 15:00,sse.000016,2737.8055,2762.0755,2723.9315,2743.0644,27092220,36382740306
6/4/2019 15:00,sse.000016,2744.6964,2746.5145,2713.8036,2721.3139,22275832,31497303914
6/5/2019 15:00,sse.000016,2741.9384,2747.2335,2717.932,2719.5949,25766253,35126727113
6/6/2019 15:00,sse.000016,2727.697,2727.697,2701.9208,2706.7621,21390312,29226456028
6/10/2019 15:00,sse.000016,2717.9139,2752.8815,2712.1587,2743.3745,27088081,39536245731
6/11/2019 15:00,sse.000016,2750.541,2816.9916,2750.541,2812.8986,40850315,61099051334
6/12/2019 15:00,sse.000016,2802.5273,2805.0054,2790.1834,2796.7319,26445230,36655472039
6/13/2019 15:00,sse.000016,2798.0221,2804.7555,2771.857,2794.5361,23452887,32358595721
6/14/2019 15:00,sse.000016,2798.396,2816.1773,2781.7234,2785.6055,26124830,35432680818
6/17/2019 15:00,sse.000016,2785.4728,2813.4452,2785.4728,2793.7037,20477851,29172434999
6/18/2019 15:00,sse.000016,2800.8296,2809.866,2785.381,2806.454,21676404,28833695211
6/19/2019 15:00,sse.000016,2872.0726,2879.2346,2842.4241,2842.7358,41160110,61700813912
6/20/2019 15:00,sse.000016,2847.3173,2954.0326,2846.4352,2942.6287,57360369,87264861450
6/21/2019 15:00,sse.000016,2939.6478,2958.2273,2929.9031,2938.7729,46560205,68751725117
6/24/2019 15:00,sse.000016,2942.5061,2958.0238,2931.6665,2949.5176,29016018,48517969569
6/25/2019 15:00,sse.000016,2946.0203,2946.708,2875.3678,2910.1212,38165595,64510971965
6/26/2019 15:00,sse.000016,2896.7649,2915.2351,2891.004,2903.4868,24024660,36749515102
6/27/2019 15:00,sse.000016,2917.2036,2952.9076,2914.962,2937.1283,33472487,54015595796
6/28/2019 15:00,sse.000016,2932.6932,2937.2912,2911.6659,2930.5982,23708671,37348147063
7/1/2019 15:00,sse.000016,2984.649,3011.9096,2978.7515,3002.9395,42622714,67658868002
7/2/2019 15:00,sse.000016,3000.7803,3003.8838,2988.4701,2999.0759,34629488,50202955869
7/3/2019 15:00,sse.000016,2990.0547,2990.0547,2953.6999,2964.7309,33918965,52948819090
7/4/2019 15:00,sse.000016,2966.3315,2974.7974,2939.9707,2953.2719,32928834,49240940052
7/5/2019 15:00,sse.000016,2952.7138,2967.9828,2937.5953,2961.9222,23845345,37972405676
7/8/2019 15:00,sse.000016,2944.973,2944.973,2877.737,2897.5121,33732588,48931992086
7/9/2019 15:00,sse.000016,2894.332,2902.143,2872.0295,2881.5517,21374700,33052158094
7/10/2019 15:00,sse.000016,2896.7013,2897.5754,2870.6704,2878.7812,18911521,30567385964
7/11/2019 15:00,sse.000016,2897.4724,2918.9444,2879.6359,2887.8313,21157266,37057602466
7/12/2019 15:00,sse.000016,2883.0876,2912.8988,2878.2019,2902.1295,21454210,36102862033
7/15/2019 15:00,sse.000016,2885.9772,2920.1567,2850.098,2902.6099,28196106,45518424627
7/16/2019 15:00,sse.000016,2900.0461,2905.1108,2881.4038,2884.561,17411517,29622629436
7/17/2019 15:00,sse.000016,2877.4885,2892.3352,2866.4655,2875.0299,18099830,29234605319
7/18/2019 15:00,sse.000016,2869.7295,2872.2421,2859.0691,2859.1646,19542086,30766133203
7/19/2019 15:00,sse.000016,2875.9644,2906.5473,2875.9013,2895.6249,22451089,36954836821
7/22/2019 15:00,sse.000016,2897.7856,2905.3508,2872.5271,2881.9038,23603184,33459223729
7/23/2019 15:00,sse.000016,2885.7013,2889.39,2871.5072,2881.0982,20448748,29522996024
7/24/2019 15:00,sse.000016,2894.9357,2923.399,2894.5946,2906.5502,26019871,40437283304
7/25/2019 15:00,sse.000016,2911.0081,2931.1758,2903.3126,2931.1758,22933113,34994770139
7/26/2019 15:00,sse.000016,2918.1073,2943.0682,2918.0135,2939.3547,23521864,33015285726
7/29/2019 15:00,sse.000016,2936.6432,2938.7345,2922.6755,2930.4891,22372005,31238966123
7/30/2019 15:00,sse.000016,2939.1432,2958.2969,2938.8967,2944.025,22696980,34400992660
7/31/2019 15:00,sse.000016,2931.853,2932.6499,2906.7079,2912.6612,23888034,36069124705
8/1/2019 15:00,sse.000016,2901.1544,2909.4723,2880.3,2887.8665,24271683,34658797578
8/2/2019 15:00,sse.000016,2837.3685,2852.1151,2831.6579,2843.7704,29943968,42769404924
8/5/2019 15:00,sse.000016,2823.3457,2828.4806,2785.9035,2786.7196,28350976,40869467540
8/6/2019 15:00,sse.000016,2736.6812,2771.7889,2718.2123,2760.6799,36941691,55246285326
8/7/2019 15:00,sse.000016,2771.2382,2773.9376,2747.2491,2747.2491,24588464,35131933910
8/8/2019 15:00,sse.000016,2771.4483,2790.1429,2768.7137,2786.8715,29406960,38752525711
8/9/2019 15:00,sse.000016,2800.4373,2802.8147,2767.1403,2772.1492,25380966,34104733906
8/12/2019 15:00,sse.000016,2787.4395,2825.0853,2782.7699,2824.8041,22136997,38630482198
8/13/2019 15:00,sse.000016,2807.9587,2812.4924,2787.1229,2792.9137,21464034,31203938404
8/14/2019 15:00,sse.000016,2827.038,2831.3419,2803.8644,2804.3553,26108221,39001289672
8/15/2019 15:00,sse.000016,2758.7354,2815.1501,2756.3765,2814.3881,25284675,35967053705
8/16/2019 15:00,sse.000016,2817.266,2846.257,2805.813,2824.2258,24147328,40454103156
8/19/2019 15:00,sse.000016,2839.2455,2877.4701,2823.8691,2877.2312,41911167,60087435549
8/20/2019 15:00,sse.000016,2869.1589,2883.5481,2864.7091,2875.653,29817583,41610605926
8/21/2019 15:00,sse.000016,2868.6307,2875.0111,2864.8145,2869.2196,21637444,31697839333
8/22/2019 15:00,sse.000016,2878.7299,2881.0557,2862.4404,2878.0047,20493057,31209995919
8/23/2019 15:00,sse.000016,2880.5722,2923.9328,2876.0218,2917.3773,24138057,45464081993
8/26/2019 15:00,sse.000016,2869.462,2882.4543,2854.5085,2863.4793,26436578,46412408381
8/27/2019 15:00,sse.000016,2883.4157,2915.8357,2880.9962,2887.2385,35741368,57183305449
8/28/2019 15:00,sse.000016,2883.3474,2887.8516,2860.7114,2867.0269,23610765,41588186589
8/29/2019 15:00,sse.000016,2867.7679,2871.6336,2843.282,2855.4504,22386670,37475570899
8/30/2019 15:00,sse.000016,2878.2124,2886.3472,2856.0293,2872.401,25922975,43825498629
9/2/2019 15:00,sse.000016,2871.2873,2902.4089,2866.7493,2894.9575,29753214,45888749880
9/3/2019 15:00,sse.000016,2897.2856,2900.7638,2878.1,2892.1821,25904982,39972053324
9/4/2019 15:00,sse.000016,2888.9717,2919.6782,2887.5852,2919.6782,37647144,53644453692
9/5/2019 15:00,sse.000016,2938.1378,2988.208,2938.1378,2955.8399,52852272,79279041905
9/6/2019 15:00,sse.000016,2974.8017,2981.2431,2955.8164,2981.0728,31465367,49253544124
9/9/2019 15:00,sse.000016,3004.8033,3008.6713,2974.2331,2981.5862,38695798,60012229467
9/10/2019 15:00,sse.000016,2987.5127,2988.0565,2958.3126,2969.8048,36034678,51347965821
9/11/2019 15:00,sse.000016,2978.9743,2980.6641,2946.5683,2957.1439,35199335,57420856053
9/12/2019 15:00,sse.000016,2970.0115,3001.2259,2963.4513,2999.5617,31824410,52267977331
9/16/2019 15:00,sse.000016,3003.648,3004.8778,2972.5785,2982.4481,32533939,48002497941
9/17/2019 15:00,sse.000016,2974.0089,2974.0089,2929.3061,2937.0077,30722495,45651979114
9/18/2019 15:00,sse.000016,2947.9715,2967.8616,2947.6767,2954.3577,23353923,41683898334
9/19/2019 15:00,sse.000016,2965.0334,2965.1098,2941.6594,2956.8294,20942809,34846676699
9/20/2019 15:00,sse.000016,2964.916,2970.7227,2956.9157,2963.4349,30230028,47729266703
9/23/2019 15:00,sse.000016,2955.2647,2955.2647,2916.4293,2930.9132,23782646,39232461763
9/24/2019 15:00,sse.000016,2936.9522,2956.2923,2929.6015,2940.0806,22732296,40266780209
9/25/2019 15:00,sse.000016,2930.1396,2942.0024,2923.151,2928.8351,22526512,35894449648
9/26/2019 15:00,sse.000016,2939.6752,2952.8717,2926.5371,2927.8766,31466918,44815324820
9/27/2019 15:00,sse.000016,2929.3167,2934.3253,2916.0681,2929.4659,23014561,32422355452
9/30/2019 15:00,sse.000016,2917.0746,2933.5109,2897.6837,2897.7027,19233021,30265813218
10/8/2019 15:00,sse.000016,2898.534,2938.8657,2898.534,2922.348,24961388,39074499529
10/9/2019 15:00,sse.000016,2908.1734,2931.6396,2896.2642,2922.9797,26136018,40412670579
10/10/2019 15:00,sse.000016,2917.8212,2944.0238,2910.3467,2940.8002,21996133,35842652303
10/11/2019 15:00,sse.000016,2952.4722,2989.7538,2945.0076,2983.1198,31177123,48168621426
10/14/2019 15:00,sse.000016,3007.3617,3040.503,2997.6629,3013.5334,42543315,56735171968
10/15/2019 15:00,sse.000016,3018.8599,3019.2939,3005.8718,3015.4202,25446083,37222300778
10/16/2019 15:00,sse.000016,3015.1656,3043.446,2999.379,3004.7233,26256367,42282388140
10/17/2019 15:00,sse.000016,3009.6859,3018.6456,2997.8426,3011.7535,18936107,31585237327
10/18/2019 15:00,sse.000016,3020.0093,3027.6051,2961.1326,2963.1753,24631271,37356080207
10/21/2019 15:00,sse.000016,2957.9695,2973.7936,2950.3037,2968.9051,24223543,36733975299
10/22/2019 15:00,sse.000016,2983.8371,2983.8371,2956.904,2973.2173,21001262,29912296649
10/23/2019 15:00,sse.000016,2969.9848,2977.6799,2945.839,2954.3052,22633012,30608315034
10/24/2019 15:00,sse.000016,2963.3389,2976.3656,2945.6802,2959.0317,24482739,34206450579
10/25/2019 15:00,sse.000016,2955.5103,2970.5422,2935.0573,2967.0517,24522583,43830273347
10/28/2019 15:00,sse.000016,2967.6278,2984.9436,2962.3971,2981.3615,28490213,42480534075
10/29/2019 15:00,sse.000016,2982.4523,2984.353,2968.2099,2968.2831,21802993,34000117675
10/30/2019 15:00,sse.000016,2966.7579,2971.8979,2946.9687,2952.1181,21820115,33653353580
10/31/2019 15:00,sse.000016,2964.905,2966.5924,2948.327,2954.734,26277647,42158765560
11/1/2019 15:00,sse.000016,2953.736,3005.1768,2947.6039,3002.6488,28879939,46727802425
11/4/2019 15:00,sse.000016,3012.938,3025.6393,3011.2029,3022.2749,30906972,47783955201
11/5/2019 15:00,sse.000016,3024.8697,3065.9329,3015.7965,3039.9772,38359862,55760630462
11/6/2019 15:00,sse.000016,3041.42,3045.4578,3024.75,3032.7916,29174816,40808898076
11/7/2019 15:00,sse.000016,3034.1557,3044.724,3021.689,3033.2991,23317946,34760202782
11/8/2019 15:00,sse.000016,3052.6911,3055.6015,3011.3658,3012.4594,28297012,41316357581
11/11/2019 15:00,sse.000016,2995.1423,2995.1423,2962.6837,2965.7075,28511827,40134019774
11/12/2019 15:00,sse.000016,2972.9982,2978.1733,2954.7765,2971.3606,20527695,31297828286
11/13/2019 15:00,sse.000016,2967.6216,2976.2637,2955.0982,2967.6702,22621812,37211948985
11/14/2019 15:00,sse.000016,2975.4785,2980.6978,2964.9167,2968.5686,22123548,35768606330
11/15/2019 15:00,sse.000016,2972.4816,2976.3702,2953.756,2954.7013,22029561,32519691044
11/18/2019 15:00,sse.000016,2954.7759,2985.9703,2949.4736,2980.9457,23876300,34685922029
11/19/2019 15:00,sse.000016,2973.5742,3000.7451,2973.5742,3000.7451,24265871,36274061791
11/20/2019 15:00,sse.000016,2991.4207,2996.5056,2962.7139,2968.1238,22511696,33591330119
11/21/2019 15:00,sse.000016,2957.0698,2957.3455,2940.1536,2949.3369,21914452,35263796859
11/22/2019 15:00,sse.000016,2952.7739,2967.7766,2913.1797,2922.2669,26802021,46004984009
11/25/2019 15:00,sse.000016,2926.15,2951.7902,2925.4039,2951.2474,33302211,47559848556
11/26/2019 15:00,sse.000016,2962.3686,2965.3939,2943.5496,2946.5669,30225430,43776027994
11/27/2019 15:00,sse.000016,2948.3424,2953.3941,2933.279,2944.3218,20359377,30182554462
11/28/2019 15:00,sse.000016,2945.3402,2952.2563,2922.5536,2930.4816,17773346,26320955927
11/29/2019 15:00,sse.000016,2923.4516,2927.2507,2879.933,2894.7154,20790150,41700315742
12/2/2019 15:00,sse.000016,2896.5099,2913.7354,2893.4178,2899.439,21334638,34920130374
12/3/2019 15:00,sse.000016,2892.4185,2909.9524,2876.5169,2909.6232,19088333,32162499173
12/4/2019 15:00,sse.000016,2902.1339,2903.9443,2887.8402,2901.0663,19438168,29114650389
12/5/2019 15:00,sse.000016,2912.9421,2927.343,2907.7664,2921.9474,22464511,35722565109
12/6/2019 15:00,sse.000016,2928.3611,2939.8184,2922.4325,2939.8184,21383576,33592908702
12/9/2019 15:00,sse.000016,2944.163,2945.2674,2923.79,2933.0421,25034095,38061107685
12/10/2019 15:00,sse.000016,2925.9476,2937.7847,2923.7531,2936.9931,20246093,31073840622
12/11/2019 15:00,sse.000016,2947.5448,2953.9408,2934.0424,2949.6467,23592999,33641813421
12/12/2019 15:00,sse.000016,2954.4045,2954.4045,2933.9971,2938.0443,20689842,32958975342
12/13/2019 15:00,sse.000016,2968.8629,3006.3127,2967.8521,3006.3127,41894582,66647265267
12/16/2019 15:00,sse.000016,2999.5,2999.5334,2983.1944,2999.2015,33429792,61966979309
12/17/2019 15:00,sse.000016,3000.7842,3053.8259,2991.0763,3033.1423,47347335,76916508482
12/18/2019 15:00,sse.000016,3031.8873,3041.8336,3020.9464,3025.7847,32492619,53907140254
12/19/2019 15:00,sse.000016,3027.6745,3029.7019,3009.8707,3017.7128,26929092,42049273983
12/20/2019 15:00,sse.000016,3022.1196,3033.5621,3009.3843,3012.6257,25092228,42559312684
12/23/2019 15:00,sse.000016,3015.294,3028.5599,2982.0214,2984.2426,27450023,46144913618
12/24/2019 15:00,sse.000016,2985.616,2999.0779,2982.4184,2996.765,22275453,33020813117
12/25/2019 15:00,sse.000016,2993.364,2993.5575,2976.905,2986.0036,21384876,35451595655
12/26/2019 15:00,sse.000016,2986.3067,3011.6361,2985.5298,3011.6361,23055824,38127469627
12/27/2019 15:00,sse.000016,3012.0346,3047.6061,3012.0346,3017.7787,34420274,57220452658
12/30/2019 15:00,sse.000016,3016.1974,3065.254,3007.9557,3062.75,43666647,76973531995
12/31/2019 15:00,sse.000016,3057.2985,3065.3834,3043.9256,3063.219,31074043,53266973812
